label,w0,w1,w2,w3,w4,w5,w6,w7,w8,w9
Edithe Leggis,:, aspirin,., lithium,</s>,.,",",..., the, '
Elwood Catt,:,., aspirin,., lithium,</s>,",", :,..., ADHD
Darby Felgate,:, aspirin, lithium,.,.,</s>,",",..., :, HIV
Dominica Pyle,:,.,., aspirin, lithium,</s>,",",..., :, ADHD
Bay Pencost, aspirin,., lithium,.,:,</s>,",", the, ', a
Lora Durbann, aspirin,.,., lithium,:,</s>,",", ', the, :
Rand Bram,:,.,., aspirin, lithium,",",...,</s>, :, Pain
Perceval Dallosso,:, aspirin,., lithium,.,",", :,</s>,..., HIV
Aleda Pigram, aspirin,:, lithium,.,.,</s>,",",..., :, HIV
Burlie Schustl,:, aspirin,.,</s>, lithium,.,",", :,..., the
Porty Jori,:,.,.,</s>,",",..., aspirin, :, the, '
Briant De La Haye,:, aspirin,.,.,</s>, lithium,",", ADHD, :,...
Kalie Scoble,:,., aspirin,., lithium,</s>,",",..., Pain, :
Catriona Beaument, aspirin,:,.,.,</s>, lithium, :, the,",", ADHD
Amberly Handling,:,.,.,</s>,",",..., :, the, aspirin, Pain
Dyna De'Vere - Hunt,:,.,., aspirin, lithium,</s>, Pain,",",..., ADHD
Janella Hardaker,:,., aspirin,., lithium,</s>,",",..., :, HIV
Alvin Wenzel,.,.,:,</s>,",",..., :, the," """, '
Jerrine Peeters,:,.,.,</s>, aspirin,...,",", lithium, :, Pain
Warner Driutti,.,:,.,</s>,",", ',...," """, aspirin, :
Paige Hayhow,:,.,.,</s>, aspirin,...,",", lithium, :, Pain
Dorisa Skill,:,.,., aspirin,</s>,...,",", lithium, :, Pain
Bobbye Patmore,:,., aspirin,., lithium,</s>,",",..., :, HIV
Jayme Dairton,.,.,:,</s>,",",..., :, the," """, '
Sayre Stroyan,:,.,.,</s>, aspirin,...,",", lithium, :, Pain
Joellyn Stutter,.,:,.,</s>,",", ',...," """, aspirin, :
Julietta Delahunt,:,.,.,</s>, aspirin,...,",", lithium, :, Pain
Halie Jewar,:,.,., aspirin,</s>,...,",", lithium, :, Pain
Jessamyn Buddles,:,.,.,</s>, aspirin, lithium,...,",", :, '
Clevie Clubbe,:,.,., aspirin, lithium,...,</s>,",", :, Pain
Magdalen Claiden,:,.,.,</s>,",",..., :, the, aspirin, -
Celina Boothebie,:,.,., aspirin,</s>,",", lithium,..., :, Pain
Murvyn Duff,:,.,., aspirin,</s>, lithium,...,",", Pain, :
Lyndsie Dyball,:,.,.,...,</s>,",", aspirin, lithium, Pain, :
Ashlie Rotham,:,.,., aspirin, lithium,</s>,",",..., :, '
Gardiner Ferbrache,:,., aspirin,., lithium,...,</s>, Pain,",", HIV
Rudolph Housbie,:,.,., aspirin,</s>, lithium,",", Pain,..., HIV
Dun Craythorn,.,.,</s>,:,",", the, aspirin, a, ', :
Dasha Eppson,:,.,., aspirin,</s>,",",..., lithium, Pain, HIV
Bibby Evershed,.,:,.,</s>,...,",", aspirin, :, Pain, lithium
Ransom Chippindale,:,.,.,</s>, aspirin,",",..., lithium, :, '
Zelig Brinded,:,., aspirin,., lithium,</s>,",",..., :, HIV
Rosalyn Vondrys,.,.,:,</s>,",",..., :, the," """, '
Lamond Ahmed,:,.,.,</s>, aspirin,...,",", lithium, :, Pain
Anders Treadger,.,:,.,</s>,",", ',...," """, aspirin, :
Haroun holmes,:,.,.,</s>, aspirin,...,",", lithium, :, Pain
Kristan Metzing,:,.,., aspirin,</s>,...,",", lithium, :, Pain
Willie Netherwood,:,.,.,</s>, aspirin, lithium,...,",", :, '
Aldon Ridsdell,:,.,., aspirin, lithium,...,</s>,",", :, Pain
Chrotoem Abels,:,.,.,</s>,",",..., :, the, aspirin, -
Andy Kettleson,:,.,., aspirin,</s>,",", lithium,..., :, Pain
Dredi Curd,:,.,., aspirin,</s>, lithium,...,",", Pain, :
Tessy Athelstan,:,.,.,...,</s>,",", aspirin, lithium, Pain, :
Tamas Vigneron,:,.,., aspirin, lithium,</s>,",",..., :, '
Gnni Chaperling,:,., aspirin,., lithium,...,</s>, Pain,",", HIV
Margaux Lattin,:,.,., aspirin,</s>, lithium,",", Pain,..., HIV
Anabella Tutchings,.,.,</s>,:,",", the, aspirin, a, ', :
Joeann Gotcliff,:,.,., aspirin,</s>,",",..., lithium, Pain, HIV
Peri Battram,.,:,.,</s>,...,",", aspirin, :, Pain, lithium
Eugenius Headon,:,.,.,</s>, aspirin,",",..., lithium, :, '
Erwin Baise,:,.,.,</s>, aspirin, lithium,...,",", :, '
Leta Tartt,:,.,., aspirin, lithium,...,</s>,",", :, Pain
Lilli Sarath,:,.,.,</s>,",",..., :, the, aspirin, -
Franz Roset,:,.,., aspirin,</s>,",", lithium,..., :, Pain
Natalya Offner,:,.,., aspirin,</s>, lithium,...,",", Pain, :
Genevra Shipperbottom,:,.,.,...,</s>,",", aspirin, lithium, Pain, :
Francine Adolfsen,:,.,., aspirin, lithium,</s>,",",..., :, '
Cairistiona Tummond,:,., aspirin,., lithium,...,</s>, Pain,",", HIV
Kelci Colliver,:,.,., aspirin,</s>, lithium,",", Pain,..., HIV
Denys Endricci,.,.,</s>,:,",", the, aspirin, a, ', :
Findley Godleman,:,.,., aspirin,</s>,",",..., lithium, Pain, HIV
Fidelio Guerry,.,:,.,</s>,...,",", aspirin, :, Pain, lithium
Krishnah Dabels,:,.,.,</s>, aspirin,",",..., lithium, :, '
Diannne Samter,:,., aspirin,., lithium,</s>,",",..., :, HIV
Inge Hewins,.,.,:,</s>,",",..., :, the," """, '
Dermot Stainburn,:,.,.,</s>, aspirin,...,",", lithium, :, Pain
Ajay Durward,.,:,.,</s>,",", ',...," """, aspirin, :
Constancy Darke,:,.,.,</s>, aspirin,...,",", lithium, :, Pain
Cy Servante,:,.,., aspirin,</s>,...,",", lithium, :, Pain
Lennard Giorgi,:,., aspirin,., lithium,</s>,",",..., :, HIV
Cordie Rosenberger,.,.,:,</s>,",",..., :, the," """, '
Noelyn Penquet,:,.,.,</s>, aspirin,...,",", lithium, :, Pain
Frank Greenhough,.,:,.,</s>,",", ',...," """, aspirin, :
Tan Connold,:,.,.,</s>, aspirin,...,",", lithium, :, Pain
Star Casford,:,.,., aspirin,</s>,...,",", lithium, :, Pain
Travers Selwyne,:,., aspirin,., lithium,</s>,",",..., :, HIV
Randie Jankin,.,.,:,</s>,",",..., :, the," """, '
Henryetta Noice,:,.,.,</s>, aspirin,...,",", lithium, :, Pain
Fons Schrieves,.,:,.,</s>,",", ',...," """, aspirin, :
Lissa Thynn,:,.,.,</s>, aspirin,...,",", lithium, :, Pain
Mattias Darrell,:,.,., aspirin,</s>,...,",", lithium, :, Pain
Cirilo Camoletto,:,.,.,</s>, aspirin, lithium,...,",", :, '
Aeriela Clarke,:,.,., aspirin, lithium,...,</s>,",", :, Pain
Marjory Franz,:,.,.,</s>,",",..., :, the, aspirin, -
Rodolph Grewcock,:,.,., aspirin,</s>,",", lithium,..., :, Pain
Justinn Ishchenko,:,.,., aspirin,</s>, lithium,...,",", Pain, :
Winne Cowland,:,.,.,...,</s>,",", aspirin, lithium, Pain, :
Gabriella Patry,:,.,., aspirin, lithium,</s>,",",..., :, '
Tann McCroary,:,., aspirin,., lithium,...,</s>, Pain,",", HIV
Ebony Knappitt,:,.,., aspirin,</s>, lithium,",", Pain,..., HIV
Piggy Hugle,.,.,</s>,:,",", the, aspirin, a, ', :
Lisle Floyd,:,.,., aspirin,</s>,",",..., lithium, Pain, HIV
Leroi Raeburn,.,:,.,</s>,...,",", aspirin, :, Pain, lithium
Nicole Gages,:,.,.,</s>, aspirin,",",..., lithium, :, '
Mariele Lucius,:, aspirin,., lithium,</s>,.,",",..., the, '
Sherwood Woolaston,:,., aspirin,., lithium,</s>,",", :,..., ADHD
Ag Gumby,:, aspirin, lithium,.,.,</s>,",",..., :, HIV
Basil Canon,:,.,., aspirin, lithium,</s>,",",..., :, ADHD
Care Kearton, aspirin,., lithium,.,:,</s>,",", the, ', a
Violetta Francois, aspirin,.,., lithium,:,</s>,",", ', the, :
Adlai Tilmouth,:,.,., aspirin, lithium,",",...,</s>, :, Pain
Gwenore Smaridge,:, aspirin,., lithium,.,",", :,</s>,..., HIV
Kurt Marling, aspirin,:, lithium,.,.,</s>,",",..., :, HIV
Artemus Brewitt,:, aspirin,.,</s>, lithium,.,",", :,..., the
Sergio Edmonson,:,.,.,</s>,",",..., aspirin, :, the, '
Maia Kidwell,:, aspirin,., lithium,</s>,.,",",..., the, '
Reinaldo Caines,:,., aspirin,., lithium,</s>,",", :,..., ADHD
Lincoln Casburn,:, aspirin, lithium,.,.,</s>,",",..., :, HIV
Kelsy Danhel,:,.,., aspirin, lithium,</s>,",",..., :, ADHD
Des Sutehall, aspirin,., lithium,.,:,</s>,",", the, ', a
Darnall Comfort, aspirin,.,., lithium,:,</s>,",", ', the, :
Bernardo Bigland,:,.,., aspirin, lithium,",",...,</s>, :, Pain
Cymbre Steeden,:, aspirin,., lithium,.,",", :,</s>,..., HIV
Leandra Demer, aspirin,:, lithium,.,.,</s>,",",..., :, HIV
Shermy Gatchell,:, aspirin,.,</s>, lithium,.,",", :,..., the
Bryn Pratley,:,.,.,</s>,",",..., aspirin, :, the, '
Eran Summerill,:, aspirin,., lithium,</s>,.,",",..., the, '
Arlena Ridwood,:,., aspirin,., lithium,</s>,",", :,..., ADHD
Rozelle Neubigin,:, aspirin, lithium,.,.,</s>,",",..., :, HIV
Jacenta Linner,:,.,., aspirin, lithium,</s>,",",..., :, ADHD
Mariann Wilshin, aspirin,., lithium,.,:,</s>,",", the, ', a
Jedidiah Malins, aspirin,.,., lithium,:,</s>,",", ', the, :
Rory Wank,:,.,., aspirin, lithium,",",...,</s>, :, Pain
Modesty Zink,:, aspirin,., lithium,.,",", :,</s>,..., HIV
Newton Berni, aspirin,:, lithium,.,.,</s>,",",..., :, HIV
Sybila Troker,:, aspirin,.,</s>, lithium,.,",", :,..., the
Jewel Betteney,:,.,.,</s>,",",..., aspirin, :, the, '
Hobie Skace,:, aspirin,., lithium,</s>,.,",",..., the, '
Loree Fishpond,:,., aspirin,., lithium,</s>,",", :,..., ADHD
Gauthier Elsip,:, aspirin, lithium,.,.,</s>,",",..., :, HIV
Gisella Watters,:,.,., aspirin, lithium,</s>,",",..., :, ADHD
Flora Delgardillo, aspirin,., lithium,.,:,</s>,",", the, ', a
Dorthea Wealleans, aspirin,.,., lithium,:,</s>,",", ', the, :
Arlyn Boole,:,.,., aspirin, lithium,",",...,</s>, :, Pain
Jameson Sayce,:, aspirin,., lithium,.,",", :,</s>,..., HIV
Collin Ciepluch, aspirin,:, lithium,.,.,</s>,",",..., :, HIV
Francoise Mustill,:, aspirin,.,</s>, lithium,.,",", :,..., the
Peterus Lettson,:,.,.,</s>,",",..., aspirin, :, the, '
Yuri Crossfield,:, aspirin,., lithium,</s>,.,",",..., the, '
Kirbee Wrenn,:,., aspirin,., lithium,</s>,",", :,..., ADHD
Rici Rein,:, aspirin, lithium,.,.,</s>,",",..., :, HIV
Anestassia Vauls,:,.,., aspirin, lithium,</s>,",",..., :, ADHD
Virgil Markussen, aspirin,., lithium,.,:,</s>,",", the, ', a
Marlin Yegorev, aspirin,.,., lithium,:,</s>,",", ', the, :
Clemmie Harbertson,:,.,., aspirin, lithium,",",...,</s>, :, Pain
Happy Jaskowicz,:, aspirin,., lithium,.,",", :,</s>,..., HIV
Quentin Plaschke, aspirin,:, lithium,.,.,</s>,",",..., :, HIV
Paulie Dunnet,:, aspirin,.,</s>, lithium,.,",", :,..., the
Wilma Burdytt,:,.,.,</s>,",",..., aspirin, :, the, '
Cobbie Imorts,:, aspirin,.,.,</s>, lithium,",", ADHD, :,...
Murry Entreis,:,., aspirin,., lithium,</s>,",",..., Pain, :
George Wildber, aspirin,:,.,.,</s>, lithium, :, the,",", ADHD
Bethany Corona,:,.,.,</s>,",",..., :, the, aspirin, Pain
Carolann Yves,:,.,., aspirin, lithium,</s>, Pain,",",..., ADHD
Benson Hook,:, aspirin,.,.,</s>, lithium,",", ADHD, :,...
Dunstan Fyrth,:,., aspirin,., lithium,</s>,",",..., Pain, :
Rutger Georgeon, aspirin,:,.,.,</s>, lithium, :, the,",", ADHD
Gearalt Bynold,:,.,.,</s>,",",..., :, the, aspirin, Pain
Ferrel Elphey,:,.,., aspirin, lithium,</s>, Pain,",",..., ADHD
Magda Nealand,:, aspirin,.,.,</s>, lithium,",", ADHD, :,...
Pamella Eaden,:,., aspirin,., lithium,</s>,",",..., Pain, :
Nathanil Monan, aspirin,:,.,.,</s>, lithium, :, the,",", ADHD
Skelly Gopsell,:,.,.,</s>,",",..., :, the, aspirin, Pain
Arel Tyson,:,.,., aspirin, lithium,</s>, Pain,",",..., ADHD
Ericha Dressel,:, aspirin,.,.,</s>, lithium,",", ADHD, :,...
Yasmin Findlow,:,., aspirin,., lithium,</s>,",",..., Pain, :
Corby Van Der Straaten, aspirin,:,.,.,</s>, lithium, :, the,",", ADHD
Herbert Billingsly,:,.,.,</s>,",",..., :, the, aspirin, Pain
Aprilette Veysey,:,.,., aspirin, lithium,</s>, Pain,",",..., ADHD
Biddy Rief,:, aspirin,.,.,</s>, lithium,",", ADHD, :,...
Brunhilda Davley,:,., aspirin,., lithium,</s>,",",..., Pain, :
Artair Ondrich, aspirin,:,.,.,</s>, lithium, :, the,",", ADHD
Marylinda Gussie,:,.,.,</s>,",",..., :, the, aspirin, Pain
Gabrila Speedin,:,.,., aspirin, lithium,</s>, Pain,",",..., ADHD
Pavlov Hadye,:,., aspirin,., lithium,</s>,",",..., :, HIV
Heath Lackmann,.,.,:,</s>,",",..., :, the," """, '
Michele Olenchenko,:,.,.,</s>, aspirin,...,",", lithium, :, Pain
Mischa Caulwell,.,:,.,</s>,",", ',...," """, aspirin, :
Carlota Llewhellin,:,.,.,</s>, aspirin,...,",", lithium, :, Pain
Edlin Theobald,:,.,., aspirin,</s>,...,",", lithium, :, Pain
Sheridan Casino,:,.,., aspirin,</s>, lithium,",", :, HIV, ADHD
Isidor Rundall,:,.,.,</s>,",",..., :, the, aspirin, Pain
Heywood Bisp,:,., aspirin,., lithium,</s>,",",..., Pain, :
Allx Fretter,:, aspirin,.,.,</s>, lithium,",", ADHD, :,...
Domenico Cadman,:,., aspirin,.,</s>, lithium,",",..., HIV, :
Tansy Symons,:,.,., aspirin,</s>, lithium,",", Pain, ADHD, the
Con Kaine,:,.,.,</s>,",",..., :, the, aspirin, Pain
Felizio Kevern,:,.,., aspirin, lithium,...,",",</s>, Pain, :
Valle Christoforou,:,., aspirin,., lithium,</s>,",", ADHD, HIV, Pain
Sydney MacGhee,:, aspirin,., lithium,</s>,.,",",..., the, '
Ikey Dowty,:,.,., aspirin, lithium,</s>, Pain,",",..., ADHD
Fairleigh Hagger,:,.,., aspirin, lithium,</s>,...,",", :, the
Arlee Levine,:,., aspirin,., lithium,</s>,",",..., ', :
Neal Kulver,:,., aspirin,., lithium,</s>,",",..., ', :
Terri Palle,:, aspirin,., lithium,.,</s>,",", HIV, :, '
Lorilyn Annion,:,.,., aspirin, lithium,</s>,...,",", :," """
Vernen Ivakhnov,:, aspirin, lithium,.,.,</s>, iodine, l, :,...
Rufus Bernardini,:,., aspirin,., lithium,</s>,",",..., :, the
Dorothea Rogister,:,.,., aspirin, lithium,</s>,...,",", :, the
Myrtie MacScherie,:,.,., aspirin,</s>, lithium, ADHD,",", the, HIV
Carley Gowers,:,.,., aspirin, lithium,</s>,",",..., :, Pain
Flin Bordone,:,.,.,</s>,...,",", aspirin, :, -, lithium
West Kernermann,:, aspirin,.,.,</s>, lithium,...,",", :, ADHD
Brien Gatherer,:,., aspirin,., lithium,</s>,",",..., ', :
Ephrayim Bedford,:, aspirin,.,.,</s>, lithium,...,",", :, ADHD
Kaitlin Gaven,:,., aspirin,., lithium,</s>,",",..., ', :
Tobe Torrejon,:,., aspirin,., lithium,</s>,...,",", ', :
Trudey Wagge,:, aspirin,.,., lithium,</s>,",", :,..., the
Gene Cottham,:, aspirin, lithium,.,.,</s>,",",..., a, :
Seline Garvill,:,.,., aspirin,</s>, lithium,...,",", Pain, ADHD
Neil McCory,:, aspirin, lithium,.,.,</s>,...,",", :, '
Burty Blurton,:, aspirin,.,., lithium,</s>,...,",", :, ADHD
Mead Syer, aspirin,:,.,., lithium,</s>, Pain, HIV,",", ADHD
Adair Spurman,:,.,.,</s>,..., :,",", aspirin, Pain, lithium
Elana Heisham,:, aspirin, lithium,.,.,</s>,...,",", :, '
Bryna Monson,:,., aspirin,., lithium, Pain,...,</s>,",", ADHD
Cordy Plenderleith, aspirin, lithium,.,:,.,</s>, GABA, ADHD,",", :
Ransell Evins,:,., aspirin,., lithium,",",</s>, ADHD, :, HIV
Chris Body,:, aspirin,.,., lithium,</s>,",",..., :, ADHD
Virginie Vaneev,:,.,., aspirin,</s>, lithium,...,",", HIV, Pain
Cos Donnel,:, aspirin,.,., lithium,...,</s>, :,",", sodium
Averell Shellsheere,:,.,., aspirin,</s>, lithium,",", Pain,..., ADHD
Isador Darrow,:,.,., aspirin,</s>,...,",", lithium, :, -
Linnell Peepall,:,.,., aspirin, lithium,</s>,",",..., :, Pain
Jedidiah Gercken,:, aspirin, lithium,.,.,</s>, Pain,",",..., HIV
Serge Bendon, aspirin,:,., lithium,.,</s>,",", :,..., ADHD
Fernando Stuckes,:,.,., aspirin, lithium,</s>, Pain,",", HIV, ADHD
Joni Rays, aspirin,:,.,., lithium,</s>,",", :,..., l
Cloris Cunradi,:, aspirin,.,., lithium,</s>,",",..., :, the
Anna-maria Voyce,:,.,., aspirin, lithium,</s>,",",..., :, '
Earlie Pideon,:,., aspirin,., lithium,</s>, Pain,",",..., ADHD
Patten Merle,:,., aspirin,., lithium,</s>,...,",", ', :
Lilla Rowden,:, aspirin,.,., lithium,</s>,",", :,..., the
Gwendolyn Jacobowicz,:, aspirin, lithium,.,.,</s>,",",..., a, :
Carolynn Blakeslee,:,.,., aspirin,</s>, lithium,...,",", Pain, ADHD
Clio Rainford,:, aspirin, lithium,.,.,</s>,...,",", :, '
Tann Lever,:, aspirin,.,., lithium,</s>,...,",", :, ADHD
Devina Lukehurst, aspirin,:,.,., lithium,</s>, Pain, HIV,",", ADHD
Worden Patkin,:,.,.,</s>,..., :,",", aspirin, Pain, lithium
Tammy Blachford,:, aspirin, lithium,.,.,</s>,...,",", :, '
Tam Maysor,:,., aspirin,., lithium, Pain,...,</s>,",", ADHD
Dorella Nund, aspirin, lithium,.,:,.,</s>, GABA, ADHD,",", :
Shaun Doni,:,., aspirin,., lithium,",",</s>, ADHD, :, HIV
Octavius Giblin,:, aspirin,.,., lithium,</s>,",",..., :, ADHD
Anastassia Stoggles,:,.,., aspirin,</s>, lithium,...,",", HIV, Pain
Durand Mitchelhill,:, aspirin,.,., lithium,...,</s>, :,",", sodium
Lorene Trustram,:,.,., aspirin,</s>, lithium,",", Pain,..., ADHD
Vitia Cobbled,:,.,., aspirin,</s>,...,",", lithium, :, -
Simeon Gallanders,:,.,., aspirin, lithium,</s>,",",..., :, Pain
Bridget Dmitriev,:, aspirin, lithium,.,.,</s>, Pain,",",..., HIV
Cortie Prestwich, aspirin,:,., lithium,.,</s>,",", :,..., ADHD
Wilt Reames,:,.,., aspirin, lithium,</s>, Pain,",", HIV, ADHD
Myrtie Foystone, aspirin,:,.,., lithium,</s>,",", :,..., l
Mollie O'Regan,:, aspirin,.,., lithium,</s>,",",..., :, the
Carry Hanbury,:,.,., aspirin, lithium,</s>,",",..., :, '
Sallyann Jarad,:,., aspirin,., lithium,</s>, Pain,",",..., ADHD
Dylan Lear,:, aspirin,.,.,</s>, lithium,",", ADHD, :,...
Joey Carpmile,:,., aspirin,., lithium,</s>,",",..., Pain, :
Kissie Joire, aspirin,:,.,.,</s>, lithium, :, the,",", ADHD
Kassia Demetr,:,.,.,</s>,",",..., :, the, aspirin, Pain
Mason Pineaux,:,.,., aspirin, lithium,</s>, Pain,",",..., ADHD
Flossy Brogan,:, aspirin,.,.,</s>, lithium,",", ADHD, :,...
Titus Meecher,:,., aspirin,., lithium,</s>,",",..., Pain, :
Mariann Moogan, aspirin,:,.,.,</s>, lithium, :, the,",", ADHD
Caria Risdall,:,.,.,</s>,",",..., :, the, aspirin, Pain
Kayle Perrigo,:,.,., aspirin, lithium,</s>, Pain,",",..., ADHD
Otis Scotti,:, aspirin,.,.,</s>, lithium,",", ADHD, :,...
Othelia Lichfield,:,., aspirin,., lithium,</s>,",",..., Pain, :
Padget O'Dempsey, aspirin,:,.,.,</s>, lithium, :, the,",", ADHD
Kristoffer Kitchinham,:,.,.,</s>,",",..., :, the, aspirin, Pain
Lorrayne Koppeck,:,.,., aspirin, lithium,</s>, Pain,",",..., ADHD
Gavrielle Sidsaff,:,.,.,</s>, aspirin, lithium,...,",", :, '
Maye De Zamudio,:,.,., aspirin, lithium,...,</s>,",", :, Pain
Addie Clancey,:,.,.,</s>,",",..., :, the, aspirin, -
Jody Philpin,:,.,., aspirin,</s>,",", lithium,..., :, Pain
Palmer Swindley,:,.,., aspirin,</s>, lithium,...,",", Pain, :
Patty Golden of Ireland,:,.,.,...,</s>,",", aspirin, lithium, Pain, :
Vivian Colicot,:,.,., aspirin, lithium,</s>,",",..., :, '
Angus Stobbes,:,., aspirin,., lithium,...,</s>, Pain,",", HIV
Brose Vinten,:,.,., aspirin,</s>, lithium,",", Pain,..., HIV
Horton Yakunin,.,.,</s>,:,",", the, aspirin, a, ', :
Bernardo Andreasen,:,.,., aspirin,</s>,",",..., lithium, Pain, HIV
Lorene Andrault,.,:,.,</s>,...,",", aspirin, :, Pain, lithium
Brooks Braben,:,.,.,</s>, aspirin,",",..., lithium, :, '
Andrea Boutellier,:,.,.,</s>, aspirin, lithium,...,",", :, '
Luigi Kidson,:,.,., aspirin, lithium,...,</s>,",", :, Pain
Erin Quibell,:,.,.,</s>,",",..., :, the, aspirin, -
Kingsley Westmerland,:,.,., aspirin,</s>,",", lithium,..., :, Pain
Chip Deniseau,:,.,., aspirin,</s>, lithium,...,",", Pain, :
Theobald Posen,:,.,.,...,</s>,",", aspirin, lithium, Pain, :
Luther Guise,:,.,., aspirin, lithium,</s>,",",..., :, '
Constantia Morison,:,., aspirin,., lithium,...,</s>, Pain,",", HIV
Asa Wale,:,.,., aspirin,</s>, lithium,",", Pain,..., HIV
Clemens Allington,.,.,</s>,:,",", the, aspirin, a, ', :
Broddy Kelberer,:,.,., aspirin,</s>,",",..., lithium, Pain, HIV
Thorstein Verecker,.,:,.,</s>,...,",", aspirin, :, Pain, lithium
Odelinda Patrick,:,.,.,</s>, aspirin,",",..., lithium, :, '
Gregorio Earle,:,.,.,</s>, aspirin, lithium,...,",", :, '
Peirce Pandya,:,.,., aspirin, lithium,...,</s>,",", :, Pain
Marlo Walwood,:,.,.,</s>,",",..., :, the, aspirin, -
Whitney McTerlagh,:,.,., aspirin,</s>,",", lithium,..., :, Pain
Terri-jo Pestridge,:,.,., aspirin,</s>, lithium,...,",", Pain, :
Darius Huntly,:,.,.,...,</s>,",", aspirin, lithium, Pain, :
Lombard Rapp,:,.,., aspirin, lithium,</s>,",",..., :, '
Gaven Goney,:,., aspirin,., lithium,...,</s>, Pain,",", HIV
Erena Pepperd,:,.,., aspirin,</s>, lithium,",", Pain,..., HIV
Bax Ould,.,.,</s>,:,",", the, aspirin, a, ', :
Braden Eteen,:,.,., aspirin,</s>,",",..., lithium, Pain, HIV
Alisa Dillintone,.,:,.,</s>,...,",", aspirin, :, Pain, lithium
Jordan Fierman,:,.,.,</s>, aspirin,",",..., lithium, :, '
Orin Knevet,:,.,.,</s>,",",..., :, the, aspirin, -
Hakeem Vidler, aspirin,:,.,., lithium,</s>,",", HIV, :," """
Cassie Sudran,:, aspirin,.,.,</s>, lithium, :, ADHD,",",...
Gabrila Dorn,:, aspirin,., lithium,.,</s>,",", HIV,..., :
Jeniffer Obispo,:,.,., aspirin,</s>, lithium, Pain,",",..., ADHD
Nance Fildes,:,.,., aspirin,</s>,",",..., lithium, Pain, ADHD
Cloe Durtnall,:,., aspirin,., lithium,</s>, Pain,",",..., ADHD
Dinny Sibbit,:,.,.,</s>, aspirin, lithium,...,",", ', HIV
Maryjo Ollarenshaw, aspirin,.,:, lithium,., HIV,</s>,",", THC, Pain
Matelda Collymore,:,.,.,</s>,",",..., :, the, aspirin, -
Felicio McCory, aspirin,:,.,., lithium,</s>,",", HIV, :," """
Devina Vittet,:, aspirin,.,.,</s>, lithium, :, ADHD,",",...
Loretta Weblin,:, aspirin,., lithium,.,</s>,",", HIV,..., :
Alvie Mitkin,:,.,., aspirin,</s>, lithium, Pain,",",..., ADHD
Magda Reichelt,:,.,., aspirin,</s>,",",..., lithium, Pain, ADHD
Alaine Ace,:,., aspirin,., lithium,</s>, Pain,",",..., ADHD
Clareta Darinton,:,.,.,</s>, aspirin, lithium,...,",", ', HIV
Giorgia Cullotey, aspirin,.,:, lithium,., HIV,</s>,",", THC, Pain
Shalne Malinowski,:, aspirin,.,.,</s>, lithium, :, ADHD,",",...
Joice Blakeway,:,.,., aspirin, lithium,...,</s>,",", :, Pain
Kathy Marikhin,:,.,., aspirin,</s>, lithium,..., Pain,",", HIV
Herb Elnough,.,:,., aspirin, lithium,</s>, Pain,",", ADHD, HIV
Muffin Vanyard,:,.,., aspirin, lithium,</s>,...,",", :, Pain
Glyn Bruins,:,.,.,</s>, aspirin, lithium,...,",", :, '
Jena Eck,:,.,., aspirin,</s>, lithium,...,",", Pain, :
Reube Biddell,:, aspirin,.,.,</s>, lithium, HIV,",", Pain,...
Sylvan Meo,:, aspirin,.,., lithium,</s>,",", :,..., '
Patty Zoppie,.,:,.,</s>, aspirin,..., lithium, ',",", :
Averyl Galia,.,:,., aspirin, Pain, lithium,</s>, HIV, ADHD,...
Crin Chevis,.,:,.,</s>, aspirin, lithium,",",..., '," """
Farly Arnet,:, aspirin,.,., lithium,</s>,...,",", :, Pain
Frankie Spurway,:,.,.,</s>,",",..., :, the, aspirin, -
Ebenezer Alyonov, aspirin,:,.,., lithium,</s>,",", HIV, :," """
Peyter Spacy,:, aspirin,.,.,</s>, lithium, :, ADHD,",",...
Carr Wyllcocks,:, aspirin,., lithium,.,</s>,",", HIV,..., :
Dore Blondell,:,.,., aspirin,</s>, lithium, Pain,",",..., ADHD
Galina Almeida,:,.,., aspirin,</s>,",",..., lithium, Pain, ADHD
Derwin Jezzard,:,., aspirin,., lithium,</s>, Pain,",",..., ADHD
Jermaine Escott,:,.,.,</s>, aspirin, lithium,...,",", ', HIV
Jeanne Moncreif, aspirin,.,:, lithium,., HIV,</s>,",", THC, Pain
Mordecai Regus,:,.,.,</s>,",",..., :, the, aspirin, -
Kingsly Micco, aspirin,:,.,., lithium,</s>,",", HIV, :," """
Lydia Rathbourne,:, aspirin,.,.,</s>, lithium, :, ADHD,",",...
Clayborn Sneller,:, aspirin,., lithium,.,</s>,",", HIV,..., :
Claudina Grane,:,.,., aspirin,</s>, lithium, Pain,",",..., ADHD
Butch Shakelade,:,.,., aspirin,</s>,",",..., lithium, Pain, ADHD
Risa Elce,:,., aspirin,., lithium,</s>, Pain,",",..., ADHD
Suki McVie,:,.,.,</s>, aspirin, lithium,...,",", ', HIV
Claudian Whytock, aspirin,.,:, lithium,., HIV,</s>,",", THC, Pain
Fallon Inchley,:, aspirin,.,., lithium,</s>, Pain,...,",", HIV
Phelia Feben,:, aspirin,.,., lithium,</s>, Pain,...,",", HIV
Borden Cartmael,:,.,., aspirin,</s>, lithium,...,",", Pain, ADHD
Paten Bonfield,:,.,., aspirin,</s>,...,",", lithium, :, -
Bibi Corbridge,:, aspirin,.,., lithium,</s>,...,",", :, ADHD
Pet Izachik,:,., aspirin,., lithium,</s>,...,",", ', :
Alexandro Curwood,:,., aspirin,., lithium, Pain,...,</s>,",", ADHD
Ermina Ells,:,.,., aspirin,</s>, lithium, :,",",..., '
Rikki Blaszczyk,:,., aspirin,., lithium,</s>, Pain,",",..., ADHD
Annelise Kinnar,:,.,., aspirin,</s>, lithium,",", :,..., HIV
Allis Cale,:, aspirin,.,., lithium,</s>,",",..., :, Pain
Adey Treamayne,:,., aspirin,., lithium,</s>,",",..., :, the
Nathalie Bilam,:,.,., aspirin, lithium,</s>,...,",", :, the
Harmony Gow,:,.,., aspirin,</s>, lithium, ADHD,",", the, HIV
Glen Hearthfield,:,.,., aspirin, lithium,</s>,",",..., :, Pain
Rina Pitrollo,:,.,.,</s>,...,",", aspirin, :, -, lithium
Reyna Beckinsale,:,., aspirin,., lithium,</s>,",",..., :, the
Tessa Bladge,:,.,., aspirin, lithium,</s>,...,",", :, the
Lowell Benedit,:,.,., aspirin,</s>, lithium, ADHD,",", the, HIV
Joyce Bridgman,:,.,., aspirin, lithium,</s>,",",..., :, Pain
Stanton Pitrelli,:,.,.,</s>,...,",", aspirin, :, -, lithium
Kristo Cobbin,:, aspirin,.,., lithium,...,</s>,",", :, Pain
Reggy Rysom,:,.,., aspirin,</s>,",",..., lithium, :, '
Francyne Shalcros,:, aspirin,.,., lithium,</s>,",",..., :, Pain
Normy Dome,:,.,., aspirin, lithium,",",</s>,..., :, Pain
Bab Ashby,:, aspirin,.,.,</s>, lithium,...,",", :, HIV
Kale Dunniom,:,., aspirin,</s>,., lithium,",",..., '," """""
Constantino Message,:,.,.,</s>, aspirin,",",..., lithium, :, the
Cy Mannagh,:,., aspirin,., lithium,</s>,",", :,..., the
Valdemar Whate,:,.,.,</s>, aspirin,",", lithium,..., Pain, the
Dinny Soppit,:, aspirin,.,., lithium,</s>, :, HIV,",",...
Eldin Manhood,:, aspirin,.,., lithium,...,</s>,",", :, Pain
Cleon De Maine,:,.,., aspirin,</s>,",",..., lithium, :, '
Kelwin Dorward,:, aspirin,.,., lithium,</s>,",",..., :, Pain
Giraud Harlin,:,.,., aspirin, lithium,",",</s>,..., :, Pain
Prescott Vondruska,:, aspirin,.,.,</s>, lithium,...,",", :, HIV
Alla Peniman,:,., aspirin,</s>,., lithium,",",..., '," """""
Arturo Bonsale,:,.,.,</s>, aspirin,",",..., lithium, :, the
Carlen Dives,:,., aspirin,., lithium,</s>,",", :,..., the
Oswell Giercke,:,.,.,</s>, aspirin,",", lithium,..., Pain, the
Ariel Merrill,:, aspirin,.,., lithium,</s>, :, HIV,",",...
Carol Horry,:, aspirin,.,., lithium,...,</s>,",", :, Pain
Erminie Ipgrave,:,.,., aspirin,</s>,",",..., lithium, :, '
Carlyle Gallagher,:, aspirin,.,., lithium,</s>,",",..., :, Pain
Frederica Joselovitch,:,.,., aspirin, lithium,",",</s>,..., :, Pain
Toni Aiston,:, aspirin,.,.,</s>, lithium,...,",", :, HIV
Perrine Danton,:,., aspirin,</s>,., lithium,",",..., '," """""
Dominga Denys,:,.,.,</s>, aspirin,",",..., lithium, :, the
Fleurette Kenford,:,., aspirin,., lithium,</s>,",", :,..., the
Bryce De Moreno,:,.,.,</s>, aspirin,",", lithium,..., Pain, the
Pavla Matz,:, aspirin,.,., lithium,</s>, :, HIV,",",...
Abe Santos,:, aspirin,.,., lithium,...,</s>,",", :, Pain
Randy Greystock,:,.,., aspirin,</s>,",",..., lithium, :, '
Isador Grist,:, aspirin,.,., lithium,</s>,",",..., :, Pain
Brendan Bockh,:,.,., aspirin, lithium,",",</s>,..., :, Pain
Rustin Dilrew,:, aspirin,.,.,</s>, lithium,...,",", :, HIV
Ammamaria Gladdin,:,., aspirin,</s>,., lithium,",",..., '," """""
Keen Gleeson,:,.,.,</s>, aspirin,",",..., lithium, :, the
Francklin Witheridge,:,., aspirin,., lithium,</s>,",", :,..., the
Nathanael Brockest,:,.,.,</s>, aspirin,",", lithium,..., Pain, the
Dara Frere,:, aspirin,.,., lithium,</s>, :, HIV,",",...
Bartholemy Reuther,:,., aspirin,., lithium,</s>,",",..., :, the
Arnie Kite,:,.,., aspirin, lithium,</s>,...,",", :, the
Candie Spybey,:,.,., aspirin,</s>, lithium, ADHD,",", the, HIV
Minda Gault,:,.,., aspirin, lithium,</s>,",",..., :, Pain
Aileen Olyff,:,.,.,</s>,...,",", aspirin, :, -, lithium
Yetta Janout,:,., aspirin,., lithium,</s>,",",..., :, the
Stanislas Tesauro,:,.,., aspirin, lithium,</s>,...,",", :, the
Robenia Troth,:,.,., aspirin,</s>, lithium, ADHD,",", the, HIV
Marjie Newbigging,:,.,., aspirin, lithium,</s>,",",..., :, Pain
Alexandro Christiensen,:,.,.,</s>,...,",", aspirin, :, -, lithium
Nickolas Raynham,:,., aspirin,., lithium,</s>,",",..., :, HIV
Burlie Johnstone,.,.,:,</s>,",",..., :, the," """, '
Glenine Southby,:,.,.,</s>, aspirin,...,",", lithium, :, Pain
Morley Metham,.,:,.,</s>,",", ',...," """, aspirin, :
Griffin Farrent,:,.,.,</s>, aspirin,...,",", lithium, :, Pain
Stearne Arrundale,:,.,., aspirin,</s>,...,",", lithium, :, Pain
Colver O'Loughlin,:, aspirin,., lithium,.,</s>,",", HIV, :, '
Merilee Boothroyd,:,.,., aspirin, lithium,</s>,...,",", :," """
Edouard Coope,:, aspirin, lithium,.,.,</s>, iodine, l, :,...
Marcellina Wealthall,:, aspirin,., lithium,.,</s>,",", HIV, :, '
Albertina Twiname,:,.,., aspirin, lithium,</s>,...,",", :," """
Steffie Vicker,:, aspirin, lithium,.,.,</s>, iodine, l, :,...
Lamar Tebbet,:,.,., aspirin,</s>, lithium,",", :, HIV, ADHD
Shell Calderhead,:,.,.,</s>,",",..., :, the, aspirin, Pain
Robin Burris,:,., aspirin,., lithium,</s>,",",..., Pain, :
Rawley Bowmen,:, aspirin,.,.,</s>, lithium,",", ADHD, :,...
Irma Stutely,:,., aspirin,.,</s>, lithium,",",..., HIV, :
Annora Carmichael,:,.,., aspirin,</s>, lithium,",", Pain, ADHD, the
Katey Bew,:,.,.,</s>,",",..., :, the, aspirin, Pain
Heinrik Hemphrey,:,.,., aspirin, lithium,...,",",</s>, Pain, :
Chilton Easterling,:,., aspirin,., lithium,</s>,",", ADHD, HIV, Pain
Rafa Stelfax,:, aspirin,., lithium,</s>,.,",",..., the, '
Raul Mantha,:,.,., aspirin, lithium,</s>, Pain,",",..., ADHD
Erena Driffe,:,.,., aspirin, lithium,</s>,...,",", :, the
Johnnie Trewman,:,.,., aspirin,</s>, lithium,",", :, HIV, ADHD
Tripp Docksey,:,.,.,</s>,",",..., :, the, aspirin, Pain
Jeni Becker,:,., aspirin,., lithium,</s>,",",..., Pain, :
Freddy Rides,:, aspirin,.,.,</s>, lithium,",", ADHD, :,...
Petunia Hanbury-Brown,:,., aspirin,.,</s>, lithium,",",..., HIV, :
Claribel Backshall,:,.,., aspirin,</s>, lithium,",", Pain, ADHD, the
Stephen Tettley,:,.,.,</s>,",",..., :, the, aspirin, Pain
Moses Walding,:,.,., aspirin, lithium,...,",",</s>, Pain, :
Isaiah St Pierre,:,., aspirin,., lithium,</s>,",", ADHD, HIV, Pain
Darcee Bilbee,:, aspirin,., lithium,</s>,.,",",..., the, '
Brinn Crankhorn,:,.,., aspirin, lithium,</s>, Pain,",",..., ADHD
Shanta Learmond,:,.,., aspirin, lithium,</s>,...,",", :, the
Nonna Lownsbrough,:, aspirin,., lithium,.,</s>,",", HIV, :, '
Giovanna McKinley,:,.,., aspirin, lithium,</s>,...,",", :," """
D'arcy Carratt,:, aspirin, lithium,.,.,</s>, iodine, l, :,...
Clementina Bernardeschi,:, aspirin,., lithium,.,</s>,",", HIV, :, '
Batsheva Baynes,:,.,., aspirin, lithium,</s>,...,",", :," """
Gabriello Ellerington,:, aspirin, lithium,.,.,</s>, iodine, l, :,...
Granthem Ghion,:, aspirin,., lithium,.,</s>,",", HIV, :, '
Filmore Faich,:,.,., aspirin, lithium,</s>,...,",", :," """
Joice Chadbourne,:, aspirin, lithium,.,.,</s>, iodine, l, :,...
Lief Deaton,:, aspirin,.,.,</s>, lithium,",", ADHD, :,...
Ephrem Challoner,:,., aspirin,., lithium,</s>,",",..., Pain, :
Stacee Dulson, aspirin,:,.,.,</s>, lithium, :, the,",", ADHD
Channa Aphale,:,.,.,</s>,",",..., :, the, aspirin, Pain
Lon Doogue,:,.,., aspirin, lithium,</s>, Pain,",",..., ADHD
Rex Jowsey,:,.,., aspirin,</s>, lithium,...,",", Pain, ADHD
Neall Zamudio,:,.,., aspirin,</s>,...,",", lithium, :, -
Mace Glashby,:, aspirin,.,., lithium,</s>,...,",", :, ADHD
Brett Levecque,:,., aspirin,., lithium,</s>,...,",", ', :
Sharline Tape,:,., aspirin,., lithium, Pain,...,</s>,",", ADHD
Darrel Diaper,:,.,., aspirin,</s>, lithium, :,",",..., '
Peggie Stone,:,., aspirin,., lithium,</s>, Pain,",",..., ADHD
Saw Osorio,:,.,., aspirin,</s>, lithium,",", :,..., HIV
Kacey Tilford,:, aspirin,.,., lithium,</s>,",",..., :, Pain
Luke Gottelier,:,.,., aspirin,</s>, lithium,",", :, HIV, ADHD
Alleyn Facer,:,.,.,</s>,",",..., :, the, aspirin, Pain
Cele Baiden,:,., aspirin,., lithium,</s>,",",..., Pain, :
Rene Mort,:, aspirin,.,.,</s>, lithium,",", ADHD, :,...
Newton Minchinden,:,., aspirin,.,</s>, lithium,",",..., HIV, :
Franklin Bentham3,:,.,., aspirin,</s>, lithium,",", Pain, ADHD, the
Allyn Waliszewski,:,.,.,</s>,",",..., :, the, aspirin, Pain
Angel Pettko,:,.,., aspirin, lithium,...,",",</s>, Pain, :
Clevie Baynon,:,., aspirin,., lithium,</s>,",", ADHD, HIV, Pain
Wallis Wones,:, aspirin,., lithium,</s>,.,",",..., the, '
Allyce Rouby,:,.,., aspirin, lithium,</s>, Pain,",",..., ADHD
Evelina MacDaid,:,.,., aspirin, lithium,</s>,...,",", :, the
Deedee Gratten,:,., aspirin,., lithium,</s>,...,",", ', :
Abbye Darville,:, aspirin,.,., lithium,</s>,",", :,..., the
Lesley Statefield,:, aspirin, lithium,.,.,</s>,",",..., a, :
Maitilde Bridgstock,:,.,., aspirin,</s>, lithium,...,",", Pain, ADHD
Larissa Clemenzo,:, aspirin, lithium,.,.,</s>,...,",", :, '
Matilde Mouatt,:, aspirin,.,., lithium,</s>,...,",", :, ADHD
Jori Baignard, aspirin,:,.,., lithium,</s>, Pain, HIV,",", ADHD
Ring Faughny,:,.,.,</s>,..., :,",", aspirin, Pain, lithium
Kalina Mathen,:, aspirin, lithium,.,.,</s>,...,",", :, '
Marisa Howse,:,., aspirin,., lithium, Pain,...,</s>,",", ADHD
Kit Constance, aspirin, lithium,.,:,.,</s>, GABA, ADHD,",", :
Sargent Renachowski,:,., aspirin,., lithium,",",</s>, ADHD, :, HIV
Hewitt Oakwood,:, aspirin,.,., lithium,</s>,",",..., :, ADHD
Fernandina Caress,:,.,., aspirin,</s>, lithium,...,",", HIV, Pain
Omero Peoples,:, aspirin,.,., lithium,...,</s>, :,",", sodium
Elspeth Kinzett,:,.,., aspirin,</s>, lithium,",", Pain,..., ADHD
Virge Tyt,:,.,., aspirin,</s>,...,",", lithium, :, -
Abram Riddlesden,:,.,., aspirin, lithium,</s>,",",..., :, Pain
Welbie Baldwin,:, aspirin, lithium,.,.,</s>, Pain,",",..., HIV
Harper Vlasov, aspirin,:,., lithium,.,</s>,",", :,..., ADHD
Fitz Harkus,:,.,., aspirin, lithium,</s>, Pain,",", HIV, ADHD
Cletus Achromov, aspirin,:,.,., lithium,</s>,",", :,..., l
Ethan Antowski,:, aspirin,.,., lithium,</s>,",",..., :, the
Rik Coughlan,:,.,., aspirin, lithium,</s>,",",..., :, '
Kendall Goodrich,:,., aspirin,., lithium,</s>, Pain,",",..., ADHD
Stevana Mabee,:,., aspirin,., lithium,</s>,...,",", ', :
Cornell Carreck,:, aspirin,.,., lithium,</s>,",", :,..., the
Valdemar Marcone,:, aspirin, lithium,.,.,</s>,",",..., a, :
Alleyn Genn,:,.,., aspirin,</s>, lithium,...,",", Pain, ADHD
Vlad Betteson,:, aspirin, lithium,.,.,</s>,...,",", :, '
Maria Tinkham,:, aspirin,.,., lithium,</s>,...,",", :, ADHD
Leshia Sweetenham, aspirin,:,.,., lithium,</s>, Pain, HIV,",", ADHD
Daria Feron,:,.,.,</s>,..., :,",", aspirin, Pain, lithium
Wash Itshak,:, aspirin, lithium,.,.,</s>,...,",", :, '
Emmy Tapsell,:,., aspirin,., lithium, Pain,...,</s>,",", ADHD
Hillery Roke, aspirin, lithium,.,:,.,</s>, GABA, ADHD,",", :
Anna-diane Gosnay,:,., aspirin,., lithium,",",</s>, ADHD, :, HIV
Val Bonas,:, aspirin,.,., lithium,</s>,",",..., :, ADHD
Renata Fishbourne,:,.,., aspirin,</s>, lithium,...,",", HIV, Pain
Smitty Wrangle,:, aspirin,.,., lithium,...,</s>, :,",", sodium
Monroe Gudd,:,.,., aspirin,</s>, lithium,",", Pain,..., ADHD
Jamaal De-Ville,:,.,., aspirin,</s>,...,",", lithium, :, -
Sylvester Lea,:,.,., aspirin, lithium,</s>,",",..., :, Pain
Zared Gallego,:, aspirin, lithium,.,.,</s>, Pain,",",..., HIV
Gianna Gowen, aspirin,:,., lithium,.,</s>,",", :,..., ADHD
Janenna Goozee,:,.,., aspirin, lithium,</s>, Pain,",", HIV, ADHD
Ros Finnimore, aspirin,:,.,., lithium,</s>,",", :,..., l
Joeann Kopman,:, aspirin,.,., lithium,</s>,",",..., :, the
Curr Barbara,:,.,., aspirin, lithium,</s>,",",..., :, '
Isabeau Libbe,:,., aspirin,., lithium,</s>, Pain,",",..., ADHD
Roddy Bach,:, aspirin,.,.,</s>, lithium,",", ADHD, :,...
Nicolai Sharrock,:,., aspirin,., lithium,</s>,",",..., Pain, :
Brigit Davidsohn, aspirin,:,.,.,</s>, lithium, :, the,",", ADHD
Melesa Argo,:,.,.,</s>,",",..., :, the, aspirin, Pain
Benny MacAndreis,:,.,., aspirin, lithium,</s>, Pain,",",..., ADHD
Sebastiano Shingler,:,., aspirin,., lithium,</s>,...,",", ', :
Itch Zarfai,:, aspirin,.,., lithium,</s>,",", :,..., the
Bertha Faughnan,:, aspirin, lithium,.,.,</s>,",",..., a, :
Alysa Hadwen,:,.,., aspirin,</s>, lithium,...,",", Pain, ADHD
Foster Trew,:, aspirin, lithium,.,.,</s>,...,",", :, '
Whitney Hewins,:, aspirin,.,., lithium,</s>,...,",", :, ADHD
Durward Grove, aspirin,:,.,., lithium,</s>, Pain, HIV,",", ADHD
Shayne Tinkler,:,.,.,</s>,..., :,",", aspirin, Pain, lithium
Anthea Blodget,:, aspirin, lithium,.,.,</s>,...,",", :, '
Henka Clavering,:,., aspirin,., lithium, Pain,...,</s>,",", ADHD
Charmain Genike, aspirin, lithium,.,:,.,</s>, GABA, ADHD,",", :
Zonnya Grigorian,:,., aspirin,., lithium,",",</s>, ADHD, :, HIV
Edee Fullwood,:, aspirin,.,., lithium,</s>,",",..., :, ADHD
Maegan MacRinn,:,.,., aspirin,</s>, lithium,...,",", HIV, Pain
Agathe Wildman,:, aspirin,.,., lithium,...,</s>, :,",", sodium
Flss Keenlyside,:,.,., aspirin,</s>, lithium,",", Pain,..., ADHD
Dietrich Olivera,:,.,., aspirin,</s>,...,",", lithium, :, -
Renie Cordery,:,.,., aspirin, lithium,</s>,",",..., :, Pain
Lissa Moynihan,:, aspirin, lithium,.,.,</s>, Pain,",",..., HIV
Meris Colter, aspirin,:,., lithium,.,</s>,",", :,..., ADHD
Meggy Shovell,:,.,., aspirin, lithium,</s>, Pain,",", HIV, ADHD
Dean Hillock, aspirin,:,.,., lithium,</s>,",", :,..., l
Clara Robbie,:, aspirin,.,., lithium,</s>,",",..., :, the
Gwenette Stiell,:,.,., aspirin, lithium,</s>,",",..., :, '
Arline Gabler,:,., aspirin,., lithium,</s>, Pain,",",..., ADHD
Cordey Tomczykiewicz,:,., aspirin,., lithium,</s>,...,",", ', :
Daria Vile,:, aspirin,.,., lithium,</s>,",", :,..., the
Micky Jaqueme,:, aspirin, lithium,.,.,</s>,",",..., a, :
Zenia Craw,:,.,., aspirin,</s>, lithium,...,",", Pain, ADHD
Jeramey Lowrance,:, aspirin, lithium,.,.,</s>,...,",", :, '
Evered Cutmore,:, aspirin,.,., lithium,</s>,...,",", :, ADHD
Cyril McLoney, aspirin,:,.,., lithium,</s>, Pain, HIV,",", ADHD
Reuben Aronstam,:,.,.,</s>,..., :,",", aspirin, Pain, lithium
Silvano Derbyshire,:, aspirin, lithium,.,.,</s>,...,",", :, '
Ardenia January,:,., aspirin,., lithium, Pain,...,</s>,",", ADHD
Pen Askaw, aspirin, lithium,.,:,.,</s>, GABA, ADHD,",", :
Cinnamon Levett,:,., aspirin,., lithium,",",</s>, ADHD, :, HIV
Aggi Iredell,:, aspirin,.,., lithium,</s>,",",..., :, ADHD
Ringo Willas,:,.,., aspirin,</s>, lithium,...,",", HIV, Pain
Sutherland Born,:, aspirin,.,., lithium,...,</s>, :,",", sodium
Ignacius Basler,:,.,., aspirin,</s>, lithium,",", Pain,..., ADHD
Nicoli Mockford,:,.,., aspirin,</s>,...,",", lithium, :, -
Cherilynn Gagin,:,.,., aspirin, lithium,</s>,",",..., :, Pain
Wadsworth Walkingshaw,:, aspirin, lithium,.,.,</s>, Pain,",",..., HIV
Ruby Andrews, aspirin,:,., lithium,.,</s>,",", :,..., ADHD
Brodie Kleinstub,:,.,., aspirin, lithium,</s>, Pain,",", HIV, ADHD
Morry Jankovsky, aspirin,:,.,., lithium,</s>,",", :,..., l
Datha Skehens,:, aspirin,.,., lithium,</s>,",",..., :, the
Cobb Garaghan,:,.,., aspirin, lithium,</s>,",",..., :, '
Filmer Jesson,:,., aspirin,., lithium,</s>, Pain,",",..., ADHD
Florry Adamthwaite,:,., aspirin,., lithium,</s>,...,",", ', :
Valene Megarry,:, aspirin,.,., lithium,</s>,",", :,..., the
Barbette Eagell,:, aspirin, lithium,.,.,</s>,",",..., a, :
Elvera Irnys,:,.,., aspirin,</s>, lithium,...,",", Pain, ADHD
Cloe Cheverell,:, aspirin, lithium,.,.,</s>,...,",", :, '
Afton Haney`,:, aspirin,.,., lithium,</s>,...,",", :, ADHD
Clay Bundock, aspirin,:,.,., lithium,</s>, Pain, HIV,",", ADHD
Cora Malin,:,.,.,</s>,..., :,",", aspirin, Pain, lithium
Darbee Dominka,:, aspirin, lithium,.,.,</s>,...,",", :, '
Rodd Greson,:,., aspirin,., lithium, Pain,...,</s>,",", ADHD
Olivie Sharpley, aspirin, lithium,.,:,.,</s>, GABA, ADHD,",", :
Chadd Laverenz,:,., aspirin,., lithium,",",</s>, ADHD, :, HIV
Benji Growcott,:, aspirin,.,., lithium,</s>,",",..., :, ADHD
Saunderson Saturley,:,.,., aspirin,</s>, lithium,...,",", HIV, Pain
Alvan Laste,:, aspirin,.,., lithium,...,</s>, :,",", sodium
Beth Kitchin,:,.,., aspirin,</s>, lithium,",", Pain,..., ADHD
Quentin Bondley,:,.,., aspirin,</s>,...,",", lithium, :, -
Vanni Davydkov,:,.,., aspirin, lithium,</s>,",",..., :, Pain
Henry Grafhom,:, aspirin, lithium,.,.,</s>, Pain,",",..., HIV
Daniella Segeswoeth, aspirin,:,., lithium,.,</s>,",", :,..., ADHD
Ced Murtell,:,.,., aspirin, lithium,</s>, Pain,",", HIV, ADHD
Fay Raxworthy, aspirin,:,.,., lithium,</s>,",", :,..., l
Kial Bestiman,:, aspirin,.,., lithium,</s>,",",..., :, the
Chicky Lovelock,:,.,., aspirin, lithium,</s>,",",..., :, '
Penny MacMickan,:,., aspirin,., lithium,</s>, Pain,",",..., ADHD
Thorndike Bartlet,:,., aspirin,., lithium,</s>,...,",", ', :
Aindrea Cazin,:, aspirin,.,., lithium,</s>,",", :,..., the
Orv Cawthery,:, aspirin, lithium,.,.,</s>,",",..., a, :
Kimmi Gleadle,:,.,., aspirin,</s>, lithium,...,",", Pain, ADHD
Aldus MacDuffie,:, aspirin, lithium,.,.,</s>,...,",", :, '
Clem Wyborn,:, aspirin,.,., lithium,</s>,...,",", :, ADHD
Benjamin Drover, aspirin,:,.,., lithium,</s>, Pain, HIV,",", ADHD
Gigi Boyles,:,.,.,</s>,..., :,",", aspirin, Pain, lithium
Barbe Kinney,:, aspirin, lithium,.,.,</s>,...,",", :, '
Lindon Fautley,:,., aspirin,., lithium, Pain,...,</s>,",", ADHD
Tonye Schoffel, aspirin, lithium,.,:,.,</s>, GABA, ADHD,",", :
Abbe Isted,:,., aspirin,., lithium,",",</s>, ADHD, :, HIV
Rossy Frankish,:, aspirin,.,., lithium,</s>,",",..., :, ADHD
Kelvin Yeardsley,:,.,., aspirin,</s>, lithium,...,",", HIV, Pain
Tiebold Lamperti,:, aspirin,.,., lithium,...,</s>, :,",", sodium
Kath Korejs,:,.,., aspirin,</s>, lithium,",", Pain,..., ADHD
Bronny Sefton,:,.,., aspirin,</s>,...,",", lithium, :, -
Neda Schroter,:,.,., aspirin, lithium,</s>,",",..., :, Pain
Farleigh Brunnen,:, aspirin, lithium,.,.,</s>, Pain,",",..., HIV
Wanda Lief, aspirin,:,., lithium,.,</s>,",", :,..., ADHD
Adore Girke,:,.,., aspirin, lithium,</s>, Pain,",", HIV, ADHD
Akim Bugg, aspirin,:,.,., lithium,</s>,",", :,..., l
Neala Gumm,:, aspirin,.,., lithium,</s>,",",..., :, the
Alika Mateiko,:,.,., aspirin, lithium,</s>,",",..., :, '
Mallory Greenshiels,:,., aspirin,., lithium,</s>, Pain,",",..., ADHD
Jinny Brounfield,:,., aspirin,., lithium,</s>,...,",", ', :
Alvinia Maruszewski,:, aspirin,.,., lithium,</s>,",", :,..., the
Aguistin Forsyde,:, aspirin, lithium,.,.,</s>,",",..., a, :
Nolie Gatiss,:,.,., aspirin,</s>, lithium,...,",", Pain, ADHD
Lizette De Andisie,:, aspirin, lithium,.,.,</s>,...,",", :, '
Ashley Caudle,:, aspirin,.,., lithium,</s>,...,",", :, ADHD
Fitzgerald Cuthbert, aspirin,:,.,., lithium,</s>, Pain, HIV,",", ADHD
Caralie Billanie,:,.,.,</s>,..., :,",", aspirin, Pain, lithium
Lind Kovacs,:, aspirin, lithium,.,.,</s>,...,",", :, '
Daven Marchant,:,., aspirin,., lithium, Pain,...,</s>,",", ADHD
Ayn Feacham, aspirin, lithium,.,:,.,</s>, GABA, ADHD,",", :
Barri Veal,:,., aspirin,., lithium,",",</s>, ADHD, :, HIV
Ardelis Sagrott,:, aspirin,.,., lithium,</s>,",",..., :, ADHD
Siward Foukx,:,.,., aspirin,</s>, lithium,...,",", HIV, Pain
Jannel Somerton,:, aspirin,.,., lithium,...,</s>, :,",", sodium
Bernard Collett,:,.,., aspirin,</s>, lithium,",", Pain,..., ADHD
Hunfredo Siggins,:,.,., aspirin,</s>,...,",", lithium, :, -
Rakel Vargas,:,.,., aspirin, lithium,</s>,",",..., :, Pain
Gloriana Ottewill,:, aspirin, lithium,.,.,</s>, Pain,",",..., HIV
Oswell Danford, aspirin,:,., lithium,.,</s>,",", :,..., ADHD
Niven Axelbee,:,.,., aspirin, lithium,</s>, Pain,",", HIV, ADHD
Binky Croisdall, aspirin,:,.,., lithium,</s>,",", :,..., l
Calla Rapport,:, aspirin,.,., lithium,</s>,",",..., :, the
Giffer Upstone,:,.,., aspirin, lithium,</s>,",",..., :, '
Josias Carstairs,:,., aspirin,., lithium,</s>, Pain,",",..., ADHD
Alfy Yu,:,., aspirin,., lithium,</s>,...,",", ', :
Jannelle Riseley,:, aspirin,.,., lithium,</s>,",", :,..., the
Albina Stranger,:, aspirin, lithium,.,.,</s>,",",..., a, :
Dela Kitchingman,:,.,., aspirin,</s>, lithium,...,",", Pain, ADHD
Gothart Denmead,:, aspirin, lithium,.,.,</s>,...,",", :, '
Georgianna Krollmann,:, aspirin,.,., lithium,</s>,...,",", :, ADHD
Mychal Kibbee, aspirin,:,.,., lithium,</s>, Pain, HIV,",", ADHD
Juieta Daville,:,.,.,</s>,..., :,",", aspirin, Pain, lithium
Norbie Kefford,:, aspirin, lithium,.,.,</s>,...,",", :, '
Ailina Dhillon,:,., aspirin,., lithium, Pain,...,</s>,",", ADHD
Hillary Coleyshaw, aspirin, lithium,.,:,.,</s>, GABA, ADHD,",", :
Tomlin Daughtery,:,., aspirin,., lithium,",",</s>, ADHD, :, HIV
Luce Eassom,:, aspirin,.,., lithium,</s>,",",..., :, ADHD
Edmon Killingworth,:,.,., aspirin,</s>, lithium,...,",", HIV, Pain
Gasparo Pittem,:, aspirin,.,., lithium,...,</s>, :,",", sodium
Jobyna Sore,:,.,., aspirin,</s>, lithium,",", Pain,..., ADHD
Oralie Halfhead,:,.,., aspirin,</s>,...,",", lithium, :, -
Buckie Ivoshin,:,.,., aspirin, lithium,</s>,",",..., :, Pain
Shepperd Tattersdill,:, aspirin, lithium,.,.,</s>, Pain,",",..., HIV
Dennison Churn, aspirin,:,., lithium,.,</s>,",", :,..., ADHD
Andie Darko,:,.,., aspirin, lithium,</s>, Pain,",", HIV, ADHD
Giulio Polden, aspirin,:,.,., lithium,</s>,",", :,..., l
Jeannie Ajean,:, aspirin,.,., lithium,</s>,",",..., :, the
Kyla Scouse,:,.,., aspirin, lithium,</s>,",",..., :, '
Alexis Gasgarth,:,., aspirin,., lithium,</s>, Pain,",",..., ADHD
Raddy Ormonde,:,.,., aspirin,</s>, lithium,",", Pain,..., :
Constantin Romanetti,:,.,., aspirin,</s>, lithium,",", Pain,..., :
Dore Coleiro,:,., aspirin,., lithium,</s>,...,",", ', :
Elmer Drover,:, aspirin,.,., lithium,</s>,",", :,..., the
Shirlene Jaskiewicz,:, aspirin, lithium,.,.,</s>,",",..., a, :
Judas Watterson,:,.,., aspirin,</s>, lithium,...,",", Pain, ADHD
Hardy Gerardi,:, aspirin, lithium,.,.,</s>,...,",", :, '
Liv Roback,:, aspirin,.,., lithium,</s>,...,",", :, ADHD
Korella Capoun, aspirin,:,.,., lithium,</s>, Pain, HIV,",", ADHD
Marj Yegorkin,:,.,.,</s>,..., :,",", aspirin, Pain, lithium
Ofelia Petrovsky,:, aspirin, lithium,.,.,</s>,...,",", :, '
Vidovik Delves,:,., aspirin,., lithium, Pain,...,</s>,",", ADHD
Rooney Fear, aspirin, lithium,.,:,.,</s>, GABA, ADHD,",", :
Shane Burgoyne,:,., aspirin,., lithium,",",</s>, ADHD, :, HIV
Pebrook Hanse,:, aspirin,.,., lithium,</s>,",",..., :, ADHD
Percy Barthrop,:,.,., aspirin,</s>, lithium,...,",", HIV, Pain
Hunt Geerling,:, aspirin,.,., lithium,...,</s>, :,",", sodium
Hirsch Harland,:,.,., aspirin,</s>, lithium,",", Pain,..., ADHD
Shep Pass,:,.,., aspirin,</s>,...,",", lithium, :, -
Ted Davidovsky,:,.,., aspirin, lithium,</s>,",",..., :, Pain
Latisha Dobey,:, aspirin, lithium,.,.,</s>, Pain,",",..., HIV
Kristel Kensy, aspirin,:,., lithium,.,</s>,",", :,..., ADHD
Davina MacGibbon,:,.,., aspirin, lithium,</s>, Pain,",", HIV, ADHD
Sylvia Heyward, aspirin,:,.,., lithium,</s>,",", :,..., l
Carlye Cawdron,:, aspirin,.,., lithium,</s>,",",..., :, the
Antonius McCourt,:,.,., aspirin, lithium,</s>,",",..., :, '
Bronny Paute,:,., aspirin,., lithium,</s>, Pain,",",..., ADHD
Carrol Springthorp,:, aspirin,.,., lithium,...,</s>,",", :, Pain
Rogers Papps,:,.,., aspirin,</s>,",",..., lithium, :, '
Filbert Melloi,:, aspirin,.,., lithium,</s>,",",..., :, Pain
Thorndike Whiteland,:,.,., aspirin, lithium,",",</s>,..., :, Pain
Carrie Vlasin,:, aspirin,.,.,</s>, lithium,...,",", :, HIV
Salomone Abbess,:,., aspirin,</s>,., lithium,",",..., '," """""
Elwood Fonteyne,:,.,.,</s>, aspirin,",",..., lithium, :, the
Hort Seary,:,., aspirin,., lithium,</s>,",", :,..., the
Whitney Branson,:,.,.,</s>, aspirin,",", lithium,..., Pain, the
Tobe Rosenstock,:, aspirin,.,., lithium,</s>, :, HIV,",",...
Dew Pock,:, aspirin,.,.,</s>, lithium,...,",", :, ADHD
Obed Rawstorne,:,., aspirin,., lithium,</s>,",",..., ', :
Corbin Jedraszczyk,:, aspirin,.,.,</s>, lithium,...,",", :, ADHD
Annamarie Davydochkin,:,., aspirin,., lithium,</s>,",",..., ', :
Jemmie Wrathmall,:,., aspirin,., lithium,</s>,",",..., ', :
Emmalynne Woolard,:,., aspirin,., lithium,</s>,",",..., ', :
Flin MacGilpatrick,:,., aspirin,., lithium,</s>,",",..., ', :
Britta Ardron,:,., aspirin,., lithium,</s>,",",..., ', :
Maury Fitkin,:,.,., aspirin,</s>, lithium,",", :, HIV, ADHD
My Dutnall,:,.,.,</s>,",",..., :, the, aspirin, Pain
Sigismundo Faiers,:,., aspirin,., lithium,</s>,",",..., Pain, :
Ted Simcox,:, aspirin,.,.,</s>, lithium,",", ADHD, :,...
Carmine Erb,:,., aspirin,.,</s>, lithium,",",..., HIV, :
Georgia Hodcroft,:,.,., aspirin,</s>, lithium,",", Pain, ADHD, the
Joycelin Rowbrey,:,.,.,</s>,",",..., :, the, aspirin, Pain
Lucio Bassham,:,.,., aspirin, lithium,...,",",</s>, Pain, :
Glenine Winning,:,., aspirin,., lithium,</s>,",", ADHD, HIV, Pain
Blanca Mustin,:, aspirin,., lithium,</s>,.,",",..., the, '
Grantley Camm,:,.,., aspirin, lithium,</s>, Pain,",",..., ADHD
Muhammad Furbank,:,.,., aspirin, lithium,</s>,...,",", :, the
Ardisj Goodrich,:,.,., aspirin,</s>, lithium,",", Pain,..., :
Sheppard Balkwill,:,.,., aspirin,</s>, lithium,",", Pain,..., :
Calvin Godwyn,:, aspirin,., lithium,</s>,.,",",..., the, '
Durward Bennike,:,., aspirin,., lithium,</s>,",", :,..., ADHD
Phillipe Foxen,:, aspirin, lithium,.,.,</s>,",",..., :, HIV
Herc Taffs,:,.,., aspirin, lithium,</s>,",",..., :, ADHD
Richart Maddinon, aspirin,., lithium,.,:,</s>,",", the, ', a
Claybourne Inold, aspirin,.,., lithium,:,</s>,",", ', the, :
Marlowe Chagg,:,.,., aspirin, lithium,",",...,</s>, :, Pain
Lorenza Spiniello,:, aspirin,., lithium,.,",", :,</s>,..., HIV
Gayla Minghetti, aspirin,:, lithium,.,.,</s>,",",..., :, HIV
Corena Gowen,:, aspirin,.,</s>, lithium,.,",", :,..., the
Hew Alekhov,:,.,.,</s>,",",..., aspirin, :, the, '
Pearce Casali,:, aspirin,.,., lithium,...,</s>,",", :, Pain
Jasper Akaster,:,.,., aspirin,</s>,",",..., lithium, :, '
Tiena Leaf,:, aspirin,.,., lithium,</s>,",",..., :, Pain
Timmy Menichino,:,.,., aspirin, lithium,",",</s>,..., :, Pain
Wilbur Grangier,:, aspirin,.,.,</s>, lithium,...,",", :, HIV
Cris Youngs,:,., aspirin,</s>,., lithium,",",..., '," """""
Erma Lomasna,:,.,.,</s>, aspirin,",",..., lithium, :, the
Ahmad Leedal,:,., aspirin,., lithium,</s>,",", :,..., the
Dan Pareman,:,.,.,</s>, aspirin,",", lithium,..., Pain, the
Agosto Chiverton,:, aspirin,.,., lithium,</s>, :, HIV,",",...
Kinny Farryn,:, aspirin,.,.,</s>, lithium, :, ADHD,",",...
Preston Rochelle,:,.,., aspirin, lithium,...,</s>,",", :, Pain
Riobard Squibbes,:,.,., aspirin,</s>, lithium,..., Pain,",", HIV
Barny Elan,.,:,., aspirin, lithium,</s>, Pain,",", ADHD, HIV
Rosabelle Easun,:,.,., aspirin, lithium,</s>,...,",", :, Pain
Jamima Volkers,:,.,.,</s>, aspirin, lithium,...,",", :, '
Pegeen Clementet,:,.,., aspirin,</s>, lithium,...,",", Pain, :
Tracey Rickell,:, aspirin,.,.,</s>, lithium, HIV,",", Pain,...
Flin Buttwell,:, aspirin,.,., lithium,</s>,",", :,..., '
Del Goldstein,.,:,.,</s>, aspirin,..., lithium, ',",", :
Nathanial Smallpeice,.,:,., aspirin, Pain, lithium,</s>, HIV, ADHD,...
Kerr Guinane,.,:,.,</s>, aspirin, lithium,",",..., '," """
Giana Aldren,:, aspirin,.,., lithium,</s>,...,",", :, Pain
Maximilien Bezant,:,., aspirin,., lithium,</s>,",",..., :, HIV
Karlik Bertot,.,.,:,</s>,",",..., :, the," """, '
Felipa Nizet,:,.,.,</s>, aspirin,...,",", lithium, :, Pain
Ceil Gozard,.,:,.,</s>,",", ',...," """, aspirin, :
Rawley Baurerich,:,.,.,</s>, aspirin,...,",", lithium, :, Pain
Barbabas Deekes,:,.,., aspirin,</s>,...,",", lithium, :, Pain
Milty Clemmensen,:,., aspirin,., lithium,</s>,",",..., :, HIV
Addi Footitt,.,.,:,</s>,",",..., :, the," """, '
Paco Birks,:,.,.,</s>, aspirin,...,",", lithium, :, Pain
Neala Tacey,.,:,.,</s>,",", ',...," """, aspirin, :
Lawrence Bolderstone,:,.,.,</s>, aspirin,...,",", lithium, :, Pain
Michal Dhennin,:,.,., aspirin,</s>,...,",", lithium, :, Pain
Jerry Leman,:,., aspirin,., lithium,</s>,",",..., :, HIV
Alaine Jaye,.,.,:,</s>,",",..., :, the," """, '
Kevyn MacCaughan,:,.,.,</s>, aspirin,...,",", lithium, :, Pain
Ludvig Kelcey,.,:,.,</s>,",", ',...," """, aspirin, :
Samuele Lobell,:,.,.,</s>, aspirin,...,",", lithium, :, Pain
Petronilla Risbrough,:,.,., aspirin,</s>,...,",", lithium, :, Pain
Tanney MacCarter,:,., aspirin,., lithium,</s>,",",..., :, HIV
Darrell Devin,.,.,:,</s>,",",..., :, the," """, '
Rhodie Le Galle,:,.,.,</s>, aspirin,...,",", lithium, :, Pain
Abby Maslin,.,:,.,</s>,",", ',...," """, aspirin, :
Merrick Neames,:,.,.,</s>, aspirin,...,",", lithium, :, Pain
Cozmo Jillins,:,.,., aspirin,</s>,...,",", lithium, :, Pain
Barri Barrim,:,., aspirin,., lithium,</s>,",",..., :, HIV
Sofia Gaymar,.,.,:,</s>,",",..., :, the," """, '
Amy Castard,:,.,.,</s>, aspirin,...,",", lithium, :, Pain
Philly Charpin,.,:,.,</s>,",", ',...," """, aspirin, :
Danell Bannerman,:,.,.,</s>, aspirin,...,",", lithium, :, Pain
Skipp Andrez,:,.,., aspirin,</s>,...,",", lithium, :, Pain
Zara Armytage,:,., aspirin,., lithium,</s>,",",..., :, HIV
Obadiah Brabham,.,.,:,</s>,",",..., :, the," """, '
Bette Kubik,:,.,.,</s>, aspirin,...,",", lithium, :, Pain
Christye Caddens,.,:,.,</s>,",", ',...," """, aspirin, :
Kandy Baylie,:,.,.,</s>, aspirin,...,",", lithium, :, Pain
Carmella Hadlow,:,.,., aspirin,</s>,...,",", lithium, :, Pain
Dmitri Readett,:, aspirin,.,., lithium,...,</s>,",", :, Pain
Concettina Bulcock,:,.,., aspirin,</s>,",",..., lithium, :, '
Zak Riddles,:, aspirin,.,., lithium,</s>,",",..., :, Pain
Barnabas Currier,:,.,., aspirin, lithium,",",</s>,..., :, Pain
Berrie Jancy,:, aspirin,.,.,</s>, lithium,...,",", :, HIV
Harold Scarfe,:,., aspirin,</s>,., lithium,",",..., '," """""
Daune Mathely,:,.,.,</s>, aspirin,",",..., lithium, :, the
Roldan Blaszkiewicz,:,., aspirin,., lithium,</s>,",", :,..., the
Cleavland O'Fairy,:,.,.,</s>, aspirin,",", lithium,..., Pain, the
Wenonah Clover,:, aspirin,.,., lithium,</s>, :, HIV,",",...
Noelyn Curbishley,:, aspirin,.,., lithium,...,</s>,",", :, Pain
Keri O'Dea,:,.,., aspirin,</s>,",",..., lithium, :, '
Correy Aldrin,:, aspirin,.,., lithium,</s>,",",..., :, Pain
Rachael Kersley,:,.,., aspirin, lithium,",",</s>,..., :, Pain
Gibb Snoddy,:, aspirin,.,.,</s>, lithium,...,",", :, HIV
Harper Mullenger,:,., aspirin,</s>,., lithium,",",..., '," """""
Georgie Kilcullen,:,.,.,</s>, aspirin,",",..., lithium, :, the
Hayes Martinson,:,., aspirin,., lithium,</s>,",", :,..., the
Gwenore Liles,:,.,.,</s>, aspirin,",", lithium,..., Pain, the
Adara Kydde,:, aspirin,.,., lithium,</s>, :, HIV,",",...
Olva Broszkiewicz,:, aspirin,.,., lithium,...,</s>,",", :, Pain
Nathalie McUre,:,.,., aspirin,</s>,",",..., lithium, :, '
Willabella Chellenham,:, aspirin,.,., lithium,</s>,",",..., :, Pain
Royal Crayk,:,.,., aspirin, lithium,",",</s>,..., :, Pain
Alonso Cardenosa,:, aspirin,.,.,</s>, lithium,...,",", :, HIV
Kayne Kilpatrick,:,., aspirin,</s>,., lithium,",",..., '," """""
Thatcher Oldland,:,.,.,</s>, aspirin,",",..., lithium, :, the
Sara Arrigucci,:,., aspirin,., lithium,</s>,",", :,..., the
Guglielmo Lerer,:,.,.,</s>, aspirin,",", lithium,..., Pain, the
Madge Onge,:, aspirin,.,., lithium,</s>, :, HIV,",",...
Lynn Hassard,:,.,., aspirin,</s>, lithium,",", :, HIV, ADHD
Shoshanna Kamiyama,:,.,.,</s>,",",..., :, the, aspirin, Pain
Kenn Sheber,:,., aspirin,., lithium,</s>,",",..., Pain, :
Garrek Brookton,:, aspirin,.,.,</s>, lithium,",", ADHD, :,...
Angy Buckett,:,., aspirin,.,</s>, lithium,",",..., HIV, :
Gabey Rushbrooke,:,.,., aspirin,</s>, lithium,",", Pain, ADHD, the
Fifine Rillstone,:,.,.,</s>,",",..., :, the, aspirin, Pain
Drusy Coulthard,:,.,., aspirin, lithium,...,",",</s>, Pain, :
Georgetta Mayor,:,., aspirin,., lithium,</s>,",", ADHD, HIV, Pain
Cassie Echelle,:, aspirin,., lithium,</s>,.,",",..., the, '
Fonz Bonafant,:,.,., aspirin, lithium,</s>, Pain,",",..., ADHD
Tomasine Diehn,:,.,., aspirin, lithium,</s>,...,",", :, the
Sawyere Danis,:,., aspirin,., lithium,</s>,",",..., :, the
Ellery Walthew,:,.,., aspirin, lithium,</s>,...,",", :, the
Hirsch Flook,:,.,., aspirin,</s>, lithium, ADHD,",", the, HIV
Katti Gotts,:,.,., aspirin, lithium,</s>,",",..., :, Pain
Henry Goodluck,:,.,.,</s>,...,",", aspirin, :, -, lithium
Ettore Housiaux,:, aspirin,.,.,</s>, lithium,",", ADHD, :,...
Chaim Carvill,:,., aspirin,., lithium,</s>,",",..., Pain, :
Ulric Suffield, aspirin,:,.,.,</s>, lithium, :, the,",", ADHD
Jamill Wadhams,:,.,.,</s>,",",..., :, the, aspirin, Pain
Brandais Maccaig,:,.,., aspirin, lithium,</s>, Pain,",",..., ADHD
Jessamyn Dulin,:,., aspirin,., lithium,</s>,...,",", ', :
Lief Messingham,:, aspirin,.,., lithium,</s>,",", :,..., the
Nicol Levane,:, aspirin, lithium,.,.,</s>,",",..., a, :
Ebba Thursby,:,.,., aspirin,</s>, lithium,...,",", Pain, ADHD
Erl Engeham,:, aspirin, lithium,.,.,</s>,...,",", :, '
Roma Lux,:, aspirin,.,., lithium,</s>,...,",", :, ADHD
Ebony Perfitt, aspirin,:,.,., lithium,</s>, Pain, HIV,",", ADHD
Minda Skurray,:,.,.,</s>,..., :,",", aspirin, Pain, lithium
Wynny Foystone,:, aspirin, lithium,.,.,</s>,...,",", :, '
Orville Karolowski,:,., aspirin,., lithium, Pain,...,</s>,",", ADHD
Jordon Sallowaye, aspirin, lithium,.,:,.,</s>, GABA, ADHD,",", :
Bartolemo McGowran,:,., aspirin,., lithium,",",</s>, ADHD, :, HIV
Haze Shapiro,:, aspirin,.,., lithium,</s>,",",..., :, ADHD
Damaris Lavens,:,.,., aspirin,</s>, lithium,...,",", HIV, Pain
Yevette Coare,:, aspirin,.,., lithium,...,</s>, :,",", sodium
Godfry Russell,:,.,., aspirin,</s>, lithium,",", Pain,..., ADHD
Branden Froom,:,.,., aspirin,</s>,...,",", lithium, :, -
Hildegaard Grimsdike,:,.,., aspirin, lithium,</s>,",",..., :, Pain
Neall Beccero,:, aspirin, lithium,.,.,</s>, Pain,",",..., HIV
Harriett Nore, aspirin,:,., lithium,.,</s>,",", :,..., ADHD
Winny Delgadillo,:,.,., aspirin, lithium,</s>, Pain,",", HIV, ADHD
Hasheem Mabee, aspirin,:,.,., lithium,</s>,",", :,..., l
Germana McAllan,:, aspirin,.,., lithium,</s>,",",..., :, the
Reuven Kilpin,:,.,., aspirin, lithium,</s>,",",..., :, '
Leann Pyrke,:,., aspirin,., lithium,</s>, Pain,",",..., ADHD
Rossy Frewer,:, aspirin,.,.,</s>, lithium,...,",", :, ADHD
Ernesto Fort,:,., aspirin,., lithium,</s>,",",..., ', :
Chloris Frankiewicz,:, aspirin,.,.,</s>, lithium,...,",", :, ADHD
Leonore Ruvel,:,., aspirin,., lithium,</s>,",",..., ', :
Quintus Curnok,:,., aspirin,., lithium,</s>,",",..., ', :
Alva Sellen,:,., aspirin,., lithium,</s>,",",..., ', :
Jorey Winslett,:,., aspirin,., lithium,</s>,",",..., ', :
Lenka Dunbar,:,., aspirin,., lithium,</s>,",",..., ', :
Benton Sinott,:, aspirin,.,.,</s>, lithium,",", ADHD, :,...
Selig Mathwen,:,., aspirin,., lithium,</s>,",",..., Pain, :
Rosemarie Burleigh, aspirin,:,.,.,</s>, lithium, :, the,",", ADHD
Bel Muncer,:,.,.,</s>,",",..., :, the, aspirin, Pain
Rock Champkins,:,.,., aspirin, lithium,</s>, Pain,",",..., ADHD
Lothario Ettles,:, aspirin,.,.,</s>, lithium,",", ADHD, :,...
Lazarus Brimley,:,., aspirin,., lithium,</s>,",",..., Pain, :
Vinny Ipwell, aspirin,:,.,.,</s>, lithium, :, the,",", ADHD
Britta Wavish,:,.,.,</s>,",",..., :, the, aspirin, Pain
Andris Overstone,:,.,., aspirin, lithium,</s>, Pain,",",..., ADHD
Abagail Patman,:, aspirin,.,.,</s>, lithium,",", ADHD, :,...
Nancy Mountfort,:,., aspirin,., lithium,</s>,",",..., Pain, :
Josselyn Lomb, aspirin,:,.,.,</s>, lithium, :, the,",", ADHD
Joell Winchurch,:,.,.,</s>,",",..., :, the, aspirin, Pain
Salvador Labbati,:,.,., aspirin, lithium,</s>, Pain,",",..., ADHD
Waylen Mushett,:,.,., aspirin,</s>, lithium,",", Pain,..., :
Langsdon Lowne,:,.,., aspirin,</s>, lithium,",", Pain,..., :
Randee Hutchin,:,., aspirin,., lithium,</s>,...,",", ', :
Ludovika Oultram,:, aspirin,.,., lithium,</s>,",", :,..., the
Wat Giorgio,:, aspirin, lithium,.,.,</s>,",",..., a, :
Henry Diable,:,.,., aspirin,</s>, lithium,...,",", Pain, ADHD
Eric Goretti,:, aspirin, lithium,.,.,</s>,...,",", :, '
Tome Bohills,:, aspirin,.,., lithium,</s>,...,",", :, ADHD
Garrik Ricoald, aspirin,:,.,., lithium,</s>, Pain, HIV,",", ADHD
Ardyce Calendar,:,.,.,</s>,..., :,",", aspirin, Pain, lithium
Judie Street,:, aspirin, lithium,.,.,</s>,...,",", :, '
Marysa Lynch,:,., aspirin,., lithium, Pain,...,</s>,",", ADHD
Matthias Overill, aspirin, lithium,.,:,.,</s>, GABA, ADHD,",", :
Rey Ginn,:,., aspirin,., lithium,",",</s>, ADHD, :, HIV
Claresta Hensmans,:, aspirin,.,., lithium,</s>,",",..., :, ADHD
Chrissie Rathke,:,.,., aspirin,</s>, lithium,...,",", HIV, Pain
Welsh Joinson,:, aspirin,.,., lithium,...,</s>, :,",", sodium
Tudor Sawforde,:,.,., aspirin,</s>, lithium,",", Pain,..., ADHD
Theodore Stratton,:,.,., aspirin,</s>,...,",", lithium, :, -
Faun Dodshon,:,.,., aspirin, lithium,</s>,",",..., :, Pain
Clio Mergue,:, aspirin, lithium,.,.,</s>, Pain,",",..., HIV
Eachelle Eglese, aspirin,:,., lithium,.,</s>,",", :,..., ADHD
Melvyn Broxup,:,.,., aspirin, lithium,</s>, Pain,",", HIV, ADHD
Carin Selwood, aspirin,:,.,., lithium,</s>,",", :,..., l
Isa Anthill,:, aspirin,.,., lithium,</s>,",",..., :, the
Kat Francescone,:,.,., aspirin, lithium,</s>,",",..., :, '
Bertie Gitthouse,:,., aspirin,., lithium,</s>, Pain,",",..., ADHD
Evin Lamers,:, aspirin,., lithium,.,</s>,",", HIV, :, '
Berny Ubee,:,.,., aspirin, lithium,</s>,...,",", :," """
Walsh Currier,:, aspirin, lithium,.,.,</s>, iodine, l, :,...
Marve Ranner,:,., aspirin,., lithium,</s>,",",..., ', :
Hansiain Genike,:,., aspirin,., lithium,</s>,",",..., ', :
Kariotta Tersay,:,.,., aspirin,</s>, lithium,",", :, HIV, ADHD
Vivie Ameer-Beg,:,.,.,</s>,",",..., :, the, aspirin, Pain
Gerri Dibbe,:,., aspirin,., lithium,</s>,",",..., Pain, :
Dick Cattonnet,:, aspirin,.,.,</s>, lithium,",", ADHD, :,...
Evania Freen,:,., aspirin,.,</s>, lithium,",",..., HIV, :
Bram Thorneywork,:,.,., aspirin,</s>, lithium,",", Pain, ADHD, the
Levy Walrond,:,.,.,</s>,",",..., :, the, aspirin, Pain
Netti Burtt,:,.,., aspirin, lithium,...,",",</s>, Pain, :
Caleb Crumbleholme,:,., aspirin,., lithium,</s>,",", ADHD, HIV, Pain
Annnora Raywood,:, aspirin,., lithium,</s>,.,",",..., the, '
Farlay Cast,:,.,., aspirin, lithium,</s>, Pain,",",..., ADHD
Jaquith Hudless,:,.,., aspirin, lithium,</s>,...,",", :, the
Otha Ainge,:,.,.,</s>, aspirin, lithium,...,",", :, '
Rollo Simnor,:,.,., aspirin, lithium,...,</s>,",", :, Pain
Meredith Jaffra,:,.,.,</s>,",",..., :, the, aspirin, -
Florenza Trotton,:,.,., aspirin,</s>,",", lithium,..., :, Pain
Barney Vasechkin,:,.,., aspirin,</s>, lithium,...,",", Pain, :
Maude Paternoster,:,.,.,...,</s>,",", aspirin, lithium, Pain, :
Mario Maseyk,:,.,., aspirin, lithium,</s>,",",..., :, '
Anastassia Slaney,:,., aspirin,., lithium,...,</s>, Pain,",", HIV
Gallagher McFarlan,:,.,., aspirin,</s>, lithium,",", Pain,..., HIV
Drew Mingard,.,.,</s>,:,",", the, aspirin, a, ', :
Van Payle,:,.,., aspirin,</s>,",",..., lithium, Pain, HIV
Beltran Kinforth,.,:,.,</s>,...,",", aspirin, :, Pain, lithium
Chrystal Ancell,:,.,.,</s>, aspirin,",",..., lithium, :, '
Jephthah Martynikhin,:,.,.,</s>, aspirin, lithium,...,",", :, '
Kelcey Bentley,:,.,., aspirin, lithium,...,</s>,",", :, Pain
Berthe Duferie,:,.,.,</s>,",",..., :, the, aspirin, -
Rhea Minett,:,.,., aspirin,</s>,",", lithium,..., :, Pain
Yance Sorton,:,.,., aspirin,</s>, lithium,...,",", Pain, :
Hannis Roycraft,:,.,.,...,</s>,",", aspirin, lithium, Pain, :
Delphinia Cargill,:,.,., aspirin, lithium,</s>,",",..., :, '
Wendeline Anstee,:,., aspirin,., lithium,...,</s>, Pain,",", HIV
Merwyn Stamps,:,.,., aspirin,</s>, lithium,",", Pain,..., HIV
Winslow McMorland,.,.,</s>,:,",", the, aspirin, a, ', :
Pavel Leveritt,:,.,., aspirin,</s>,",",..., lithium, Pain, HIV
Enrichetta Zorener,.,:,.,</s>,...,",", aspirin, :, Pain, lithium
Brana Fellgett,:,.,.,</s>, aspirin,",",..., lithium, :, '
Gaylene Savage,:,.,.,</s>, aspirin, lithium,...,",", :, '
Inger Gyorgy,:,.,., aspirin, lithium,...,</s>,",", :, Pain
Wylma Booi,:,.,.,</s>,",",..., :, the, aspirin, -
Mattheus Shergold,:,.,., aspirin,</s>,",", lithium,..., :, Pain
Ag Bysh,:,.,., aspirin,</s>, lithium,...,",", Pain, :
Kippar Gollard,:,.,.,...,</s>,",", aspirin, lithium, Pain, :
Abigale Joseland,:,.,., aspirin, lithium,</s>,",",..., :, '
Agatha Brampton,:,., aspirin,., lithium,...,</s>, Pain,",", HIV
Lacey Aslott,:,.,., aspirin,</s>, lithium,",", Pain,..., HIV
Orlan Kendell,.,.,</s>,:,",", the, aspirin, a, ', :
Abeu Cohani,:,.,., aspirin,</s>,",",..., lithium, Pain, HIV
Merl Mearing,.,:,.,</s>,...,",", aspirin, :, Pain, lithium
Benedetta Cassels,:,.,.,</s>, aspirin,",",..., lithium, :, '
Gael Nisius,:, aspirin,.,., lithium,...,</s>,",", :, Pain
Caresa Brocket,:,.,., aspirin,</s>,",",..., lithium, :, '
Rowan Andreoletti,:, aspirin,.,., lithium,</s>,",",..., :, Pain
Wenda Brenard,:,.,., aspirin, lithium,",",</s>,..., :, Pain
Ebonee Windus,:, aspirin,.,.,</s>, lithium,...,",", :, HIV
Ladonna Camelin,:,., aspirin,</s>,., lithium,",",..., '," """""
Keen Cleere,:,.,.,</s>, aspirin,",",..., lithium, :, the
Man Longmate,:,., aspirin,., lithium,</s>,",", :,..., the
Zitella List,:,.,.,</s>, aspirin,",", lithium,..., Pain, the
Shea Le Grice,:, aspirin,.,., lithium,</s>, :, HIV,",",...
Vite Sharper,:, aspirin,.,.,</s>, lithium, :, ADHD,",",...
Catherin Dorsett,:,.,., aspirin, lithium,...,</s>,",", :, Pain
Lona Finn,:,.,., aspirin,</s>, lithium,..., Pain,",", HIV
Sunny Coddington,.,:,., aspirin, lithium,</s>, Pain,",", ADHD, HIV
Eric Fallon,:,.,., aspirin, lithium,</s>,...,",", :, Pain
Luce Sibbert,:,.,.,</s>, aspirin, lithium,...,",", :, '
Sander Dallon,:,.,., aspirin,</s>, lithium,...,",", Pain, :
Puff Joannet,:, aspirin,.,.,</s>, lithium, HIV,",", Pain,...
Belita Pancoast,:, aspirin,.,., lithium,</s>,",", :,..., '
Tomasina Matushevich,.,:,.,</s>, aspirin,..., lithium, ',",", :
Gardy Bouda,.,:,., aspirin, Pain, lithium,</s>, HIV, ADHD,...
Adan Semmens,.,:,.,</s>, aspirin, lithium,",",..., '," """
Clari Coole,:, aspirin,.,., lithium,</s>,...,",", :, Pain
Meta Espinas,:, aspirin,.,.,</s>, lithium, :, ADHD,",",...
Orin Duchatel,:,.,., aspirin, lithium,...,</s>,",", :, Pain
Gasparo Ivashin,:,.,., aspirin,</s>, lithium,..., Pain,",", HIV
Pauletta Biasetti,.,:,., aspirin, lithium,</s>, Pain,",", ADHD, HIV
Golda Halbeard,:,.,., aspirin, lithium,</s>,...,",", :, Pain
Fawnia MacGahy,:,.,.,</s>, aspirin, lithium,...,",", :, '
Sandy Scutching,:,.,., aspirin,</s>, lithium,...,",", Pain, :
Mirna Grute,:, aspirin,.,.,</s>, lithium, HIV,",", Pain,...
Wally Fortman,:, aspirin,.,., lithium,</s>,",", :,..., '
Jody Hitchens,.,:,.,</s>, aspirin,..., lithium, ',",", :
Kore Morrowe,.,:,., aspirin, Pain, lithium,</s>, HIV, ADHD,...
Kamila Earengey,.,:,.,</s>, aspirin, lithium,",",..., '," """
Vina Valti,:, aspirin,.,., lithium,</s>,...,",", :, Pain
Betti Checci,:, aspirin,.,.,</s>, lithium, :, ADHD,",",...
Kyle Upjohn,:,.,., aspirin, lithium,...,</s>,",", :, Pain
Inge Caustic,:,.,., aspirin,</s>, lithium,..., Pain,",", HIV
Jo-ann Kleimt,.,:,., aspirin, lithium,</s>, Pain,",", ADHD, HIV
Nikki O'Currane,:,.,., aspirin, lithium,</s>,...,",", :, Pain
Reagen Fend,:,.,.,</s>, aspirin, lithium,...,",", :, '
Mair Polack,:,.,., aspirin,</s>, lithium,...,",", Pain, :
Adham Cogan,:, aspirin,.,.,</s>, lithium, HIV,",", Pain,...
Norby Wedderburn,:, aspirin,.,., lithium,</s>,",", :,..., '
Trixi Cadigan,.,:,.,</s>, aspirin,..., lithium, ',",", :
Dianne Hanssmann,.,:,., aspirin, Pain, lithium,</s>, HIV, ADHD,...
Tracee Elloit,.,:,.,</s>, aspirin, lithium,",",..., '," """
Erina Forder,:, aspirin,.,., lithium,</s>,...,",", :, Pain
Sydelle Nuss,:, aspirin,.,.,</s>, lithium, :, ADHD,",",...
Sibeal Mackin,:,.,., aspirin, lithium,...,</s>,",", :, Pain
Norton Sara,:,.,., aspirin,</s>, lithium,..., Pain,",", HIV
Bobby Lydon,.,:,., aspirin, lithium,</s>, Pain,",", ADHD, HIV
Sylvan Gothard,:,.,., aspirin, lithium,</s>,...,",", :, Pain
Janean Heyball,:,.,.,</s>, aspirin, lithium,...,",", :, '
Sarge Bard,:,.,., aspirin,</s>, lithium,...,",", Pain, :
Buddie Swepson,:, aspirin,.,.,</s>, lithium, HIV,",", Pain,...
Cullen Iggo,:, aspirin,.,., lithium,</s>,",", :,..., '
Suellen Vile,.,:,.,</s>, aspirin,..., lithium, ',",", :
Samaria Bescoby,.,:,., aspirin, Pain, lithium,</s>, HIV, ADHD,...
Margette Vasilic,.,:,.,</s>, aspirin, lithium,",",..., '," """
Claudia Plowell,:, aspirin,.,., lithium,</s>,...,",", :, Pain
Mace Paintain,:, aspirin,.,.,</s>, lithium, :, ADHD,",",...
Courtenay Gleadhall,:,.,., aspirin, lithium,...,</s>,",", :, Pain
Pennie Mulryan,:,.,., aspirin,</s>, lithium,..., Pain,",", HIV
Alika Beckingham,.,:,., aspirin, lithium,</s>, Pain,",", ADHD, HIV
Viki Hasted,:,.,., aspirin, lithium,</s>,...,",", :, Pain
Starla Shine,:,.,.,</s>, aspirin, lithium,...,",", :, '
Eamon Cheltnam,:,.,., aspirin,</s>, lithium,...,",", Pain, :
Xymenes Hall,:, aspirin,.,.,</s>, lithium, HIV,",", Pain,...
Andreas Cornford,:, aspirin,.,., lithium,</s>,",", :,..., '
Renie Sturmey,.,:,.,</s>, aspirin,..., lithium, ',",", :
Earl Uridge,.,:,., aspirin, Pain, lithium,</s>, HIV, ADHD,...
Dorian Swannack,.,:,.,</s>, aspirin, lithium,",",..., '," """
Ashley Frogley,:, aspirin,.,., lithium,</s>,...,",", :, Pain
Sebastian Allain,:, aspirin,.,.,</s>, lithium, :, ADHD,",",...
Tad Daugherty,:,.,., aspirin, lithium,...,</s>,",", :, Pain
Dicky Wittleton,:,.,., aspirin,</s>, lithium,..., Pain,",", HIV
Alana Armfirld,.,:,., aspirin, lithium,</s>, Pain,",", ADHD, HIV
Chrisy Scoffham,:,.,., aspirin, lithium,</s>,...,",", :, Pain
Thorpe Scorer,:,.,.,</s>, aspirin, lithium,...,",", :, '
Alisa O'Neill,:,.,., aspirin,</s>, lithium,...,",", Pain, :
Boigie Giraudoux,:, aspirin,.,.,</s>, lithium, HIV,",", Pain,...
Jessalin Stagg,:, aspirin,.,., lithium,</s>,",", :,..., '
Vickie Oulner,.,:,.,</s>, aspirin,..., lithium, ',",", :
Obie Kirsch,.,:,., aspirin, Pain, lithium,</s>, HIV, ADHD,...
Waylen Maryman,.,:,.,</s>, aspirin, lithium,",",..., '," """
Ulrikaumeko Knivett,:, aspirin,.,., lithium,</s>,...,",", :, Pain
Harriet Chillistone,:,.,.,</s>,",",..., :, the, aspirin, -
Tierney Bennike, aspirin,:,.,., lithium,</s>,",", HIV, :," """
Lothario Andrey,:, aspirin,.,.,</s>, lithium, :, ADHD,",",...
Aila Reignould,:, aspirin,., lithium,.,</s>,",", HIV,..., :
Augustus Sterricker,:,.,., aspirin,</s>, lithium, Pain,",",..., ADHD
Mort Annear,:,.,., aspirin,</s>,",",..., lithium, Pain, ADHD
Reagen Elkin,:,., aspirin,., lithium,</s>, Pain,",",..., ADHD
Buddie Barbie,:,.,.,</s>, aspirin, lithium,...,",", ', HIV
Maury MacGillivrie, aspirin,.,:, lithium,., HIV,</s>,",", THC, Pain
Jacinthe Aronowitz,:,., aspirin,., lithium,</s>,",",..., :, the
Udale Armit,:,.,., aspirin, lithium,</s>,...,",", :, the
Aurora Franceschielli,:,.,., aspirin,</s>, lithium, ADHD,",", the, HIV
Kasper Ivamy,:,.,., aspirin, lithium,</s>,",",..., :, Pain
Cass Kefford,:,.,.,</s>,...,",", aspirin, :, -, lithium
Sylvester MacGarrity,:,., aspirin,., lithium,</s>,",",..., :, the
Berton Cropp,:,.,., aspirin, lithium,</s>,...,",", :, the
Rochette Oene,:,.,., aspirin,</s>, lithium, ADHD,",", the, HIV
Emmy Korting,:,.,., aspirin, lithium,</s>,",",..., :, Pain
Cello Hassewell,:,.,.,</s>,...,",", aspirin, :, -, lithium
Tiffani Aggio,:, aspirin,.,., lithium,</s>, Pain,...,",", HIV
Carleen Hanmore,:, aspirin,.,., lithium,</s>, Pain,...,",", HIV
Karita Batiste,:,.,.,</s>,",",..., :, the, aspirin, -
Darda Hirschmann, aspirin,:,.,., lithium,</s>,",", HIV, :," """
Wakefield Elstow,:, aspirin,.,.,</s>, lithium, :, ADHD,",",...
Gena Beneze,:, aspirin,., lithium,.,</s>,",", HIV,..., :
Lazar Goodday,:,.,., aspirin,</s>, lithium, Pain,",",..., ADHD
Alexandrina Madgin,:,.,., aspirin,</s>,",",..., lithium, Pain, ADHD
Aurlie Poxson,:,., aspirin,., lithium,</s>, Pain,",",..., ADHD
Elena Kencott,:,.,.,</s>, aspirin, lithium,...,",", ', HIV
Mari Rackham, aspirin,.,:, lithium,., HIV,</s>,",", THC, Pain
Cammie Pignon,:, aspirin,.,.,</s>, lithium,",", ADHD, :,...
Marty Everex,:,., aspirin,., lithium,</s>,",",..., Pain, :
Grethel Ramsby, aspirin,:,.,.,</s>, lithium, :, the,",", ADHD
Lev Carcas,:,.,.,</s>,",",..., :, the, aspirin, Pain
Hernando Mouse,:,.,., aspirin, lithium,</s>, Pain,",",..., ADHD
Brnaba Wallman,:, aspirin,.,.,</s>, lithium,",", ADHD, :,...
Reynold Halward,:,., aspirin,., lithium,</s>,",",..., Pain, :
Jocelyn Shelton, aspirin,:,.,.,</s>, lithium, :, the,",", ADHD
Linn Fayers,:,.,.,</s>,",",..., :, the, aspirin, Pain
Raeann Musto,:,.,., aspirin, lithium,</s>, Pain,",",..., ADHD
Wylie Want,:, aspirin,.,.,</s>, lithium,",", ADHD, :,...
Aube de Castelain,:,., aspirin,., lithium,</s>,",",..., Pain, :
Vassily Pask, aspirin,:,.,.,</s>, lithium, :, the,",", ADHD
Mord Castano,:,.,.,</s>,",",..., :, the, aspirin, Pain
Lana Ausiello,:,.,., aspirin, lithium,</s>, Pain,",",..., ADHD
Michele Merrgan,:,., aspirin,., lithium,</s>,",",..., :, the
Norman Prydden,:,.,., aspirin, lithium,</s>,...,",", :, the
Mace Pattenden,:,.,., aspirin,</s>, lithium, ADHD,",", the, HIV
Tobin Southern,:,.,., aspirin, lithium,</s>,",",..., :, Pain
Hiram Haddon,:,.,.,</s>,...,",", aspirin, :, -, lithium
Denys Witchalls,:,., aspirin,., lithium,</s>,",",..., :, the
Brett MacGaughie,:,.,., aspirin, lithium,</s>,...,",", :, the
Raychel Broadbear,:,.,., aspirin,</s>, lithium, ADHD,",", the, HIV
Tabina Dragge,:,.,., aspirin, lithium,</s>,",",..., :, Pain
Vivia Drohan,:,.,.,</s>,...,",", aspirin, :, -, lithium
Waverley Borges,:,.,.,</s>,",",..., :, the, aspirin, -
Hale Goodier, aspirin,:,.,., lithium,</s>,",", HIV, :," """
Ingrim McKune,:, aspirin,.,.,</s>, lithium, :, ADHD,",",...
Arny Scneider,:, aspirin,., lithium,.,</s>,",", HIV,..., :
Mill Cruxton,:,.,., aspirin,</s>, lithium, Pain,",",..., ADHD
Hobey Eardley,:,.,., aspirin,</s>,",",..., lithium, Pain, ADHD
Rhianna Verrick,:,., aspirin,., lithium,</s>, Pain,",",..., ADHD
Giacobo O'Crigan,:,.,.,</s>, aspirin, lithium,...,",", ', HIV
Jefferey Chazotte, aspirin,.,:, lithium,., HIV,</s>,",", THC, Pain
Lindsey Crowth,:, aspirin,., lithium,.,</s>,",", HIV, :, '
Allegra Suthworth,:,.,., aspirin, lithium,</s>,...,",", :," """
Orlando Leehane,:, aspirin, lithium,.,.,</s>, iodine, l, :,...
Gloria McQuie,:, aspirin,., lithium,</s>,.,",",..., the, '
Adelle Glasspoole,:,., aspirin,., lithium,</s>,",", :,..., ADHD
Mic Henniger,:, aspirin, lithium,.,.,</s>,",",..., :, HIV
Carlin Colecrough,:,.,., aspirin, lithium,</s>,",",..., :, ADHD
Jeffy Targetter, aspirin,., lithium,.,:,</s>,",", the, ', a
Margery Chewter, aspirin,.,., lithium,:,</s>,",", ', the, :
Garth Flecknoe,:,.,., aspirin, lithium,",",...,</s>, :, Pain
Jeremias Le febre,:, aspirin,., lithium,.,",", :,</s>,..., HIV
Stanislaus Kluge, aspirin,:, lithium,.,.,</s>,",",..., :, HIV
Nikolos Ivashin,:, aspirin,.,</s>, lithium,.,",", :,..., the
Val Chilton,:,.,.,</s>,",",..., aspirin, :, the, '
Herschel Cheek,:, aspirin,.,.,</s>, lithium, :, ADHD,",",...
Kin L'argent,:,.,., aspirin, lithium,...,</s>,",", :, Pain
Igor Balaizot,:,.,., aspirin,</s>, lithium,..., Pain,",", HIV
Umeko Farnish,.,:,., aspirin, lithium,</s>, Pain,",", ADHD, HIV
Lazare Morey,:,.,., aspirin, lithium,</s>,...,",", :, Pain
Sigismond Askaw,:,.,.,</s>, aspirin, lithium,...,",", :, '
Louella Gayforth,:,.,., aspirin,</s>, lithium,...,",", Pain, :
Curcio Thaxton,:, aspirin,.,.,</s>, lithium, HIV,",", Pain,...
Toddie Kitman,:, aspirin,.,., lithium,</s>,",", :,..., '
Lindy Barends,.,:,.,</s>, aspirin,..., lithium, ',",", :
Cherri Mavin,.,:,., aspirin, Pain, lithium,</s>, HIV, ADHD,...
Caroline Shimoni,.,:,.,</s>, aspirin, lithium,",",..., '," """
Lurline Guitonneau,:, aspirin,.,., lithium,</s>,...,",", :, Pain
Beth Triggel,:, aspirin,.,.,</s>, lithium, :, ADHD,",",...
Britni Hernik,:,.,., aspirin, lithium,...,</s>,",", :, Pain
Carr Gutridge,:,.,., aspirin,</s>, lithium,..., Pain,",", HIV
Robbyn Jedrachowicz,.,:,., aspirin, lithium,</s>, Pain,",", ADHD, HIV
Olga Ruffell,:,.,., aspirin, lithium,</s>,...,",", :, Pain
Sheena Richly,:,.,.,</s>, aspirin, lithium,...,",", :, '
Nealon Swancock,:,.,., aspirin,</s>, lithium,...,",", Pain, :
Toni Greeno,:, aspirin,.,.,</s>, lithium, HIV,",", Pain,...
Karol Briddock,:, aspirin,.,., lithium,</s>,",", :,..., '
Marin Cammidge,.,:,.,</s>, aspirin,..., lithium, ',",", :
Modesta Griffitts,.,:,., aspirin, Pain, lithium,</s>, HIV, ADHD,...
Annabal Gaitung,.,:,.,</s>, aspirin, lithium,",",..., '," """
Clarine Curcher,:, aspirin,.,., lithium,</s>,...,",", :, Pain
Austin Capron,:,.,., aspirin,</s>, lithium,",", :, HIV, ADHD
Bernhard Lasselle,:,.,.,</s>,",",..., :, the, aspirin, Pain
Claus Eard,:,., aspirin,., lithium,</s>,",",..., Pain, :
Eugenia Aspital,:, aspirin,.,.,</s>, lithium,",", ADHD, :,...
Derk Strathern,:,., aspirin,.,</s>, lithium,",",..., HIV, :
Maighdiln Josselsohn,:,.,., aspirin,</s>, lithium,",", Pain, ADHD, the
Peterus Nanuccioi,:,.,.,</s>,",",..., :, the, aspirin, Pain
Debra Dore,:,.,., aspirin, lithium,...,",",</s>, Pain, :
Berk Rugieri,:,., aspirin,., lithium,</s>,",", ADHD, HIV, Pain
Aurore Ager,:, aspirin,., lithium,</s>,.,",",..., the, '
Ashton Goodboddy,:,.,., aspirin, lithium,</s>, Pain,",",..., ADHD
Reed Brecher,:,.,., aspirin, lithium,</s>,...,",", :, the
Antonina Gravenor,:, aspirin,.,., lithium,</s>, Pain,...,",", HIV
Jessi Need,:, aspirin,.,., lithium,</s>, Pain,...,",", HIV
Debi Winnister,:, aspirin,.,., lithium,</s>, Pain,...,",", HIV
Victor Oake,:, aspirin,.,., lithium,</s>, Pain,...,",", HIV
Gunar Paszak,:, aspirin,.,., lithium,</s>, Pain,...,",", HIV
Cecilius Allardyce,:, aspirin,.,., lithium,</s>, Pain,...,",", HIV
Cecilio Berzin,:,.,., aspirin,</s>, lithium,",", :, HIV, ADHD
Margalo Humphrey,:,.,.,</s>,",",..., :, the, aspirin, Pain
Sebastien Vittore,:,., aspirin,., lithium,</s>,",",..., Pain, :
Peggie Lowndes,:, aspirin,.,.,</s>, lithium,",", ADHD, :,...
Christian Rounsivall,:,., aspirin,.,</s>, lithium,",",..., HIV, :
Dulci Bignell,:,.,., aspirin,</s>, lithium,",", Pain, ADHD, the
Milly Cattlemull,:,.,.,</s>,",",..., :, the, aspirin, Pain
Pavla Bartoszinski,:,.,., aspirin, lithium,...,",",</s>, Pain, :
Temple Jeayes,:,., aspirin,., lithium,</s>,",", ADHD, HIV, Pain
Boony Lamperd,:, aspirin,., lithium,</s>,.,",",..., the, '
Estrellita Grimsdale,:,.,., aspirin, lithium,</s>, Pain,",",..., ADHD
Shell Daintry,:,.,., aspirin, lithium,</s>,...,",", :, the
Adelaida Stoffersen,:,.,., aspirin,</s>, lithium,",", :, HIV, ADHD
Quinton Dashkovich,:,.,.,</s>,",",..., :, the, aspirin, Pain
Berky Jost,:,., aspirin,., lithium,</s>,",",..., Pain, :
Joshua Vidloc,:, aspirin,.,.,</s>, lithium,",", ADHD, :,...
Chandal Kirsch,:,., aspirin,.,</s>, lithium,",",..., HIV, :
Wildon Sturch,:,.,., aspirin,</s>, lithium,",", Pain, ADHD, the
Trace Colten,:,.,.,</s>,",",..., :, the, aspirin, Pain
Sonni Bransby,:,.,., aspirin, lithium,...,",",</s>, Pain, :
Lamar Christer,:,., aspirin,., lithium,</s>,",", ADHD, HIV, Pain
Sarita Libbis,:, aspirin,., lithium,</s>,.,",",..., the, '
Sven Walsh,:,.,., aspirin, lithium,</s>, Pain,",",..., ADHD
Eleni Josum,:,.,., aspirin, lithium,</s>,...,",", :, the
Dicky Baleine,:, aspirin,.,.,</s>, lithium,",", ADHD, :,...
Hal Rowantree,:,., aspirin,., lithium,</s>,",",..., Pain, :
Shermie Fransseni, aspirin,:,.,.,</s>, lithium, :, the,",", ADHD
Hammad Sporle,:,.,.,</s>,",",..., :, the, aspirin, Pain
Cathie Ehrat,:,.,., aspirin, lithium,</s>, Pain,",",..., ADHD
Terrill Melendez,:, aspirin,.,.,</s>, lithium,",", ADHD, :,...
Marianne Matuszewski,:,., aspirin,., lithium,</s>,",",..., Pain, :
Hernando Van der Krui, aspirin,:,.,.,</s>, lithium, :, the,",", ADHD
Alice Jallin,:,.,.,</s>,",",..., :, the, aspirin, Pain
Imogen Abrahamoff,:,.,., aspirin, lithium,</s>, Pain,",",..., ADHD
Rube Pardy,:, aspirin,.,.,</s>, lithium,",", ADHD, :,...
Benni Bollands,:,., aspirin,., lithium,</s>,",",..., Pain, :
Iago Geill, aspirin,:,.,.,</s>, lithium, :, the,",", ADHD
Reube McClounan,:,.,.,</s>,",",..., :, the, aspirin, Pain
Andy Lowcock,:,.,., aspirin, lithium,</s>, Pain,",",..., ADHD
Kandace Wiltshaw,:, aspirin,.,.,</s>, lithium,",", ADHD, :,...
Preston Iacomelli,:,., aspirin,., lithium,</s>,",",..., Pain, :
Cosimo Zink, aspirin,:,.,.,</s>, lithium, :, the,",", ADHD
Sheridan Langstone,:,.,.,</s>,",",..., :, the, aspirin, Pain
Jefferey Caldaro,:,.,., aspirin, lithium,</s>, Pain,",",..., ADHD
Casandra Embleton,:,.,., aspirin,</s>, lithium,",", Pain,..., :
Phillip Giampietro,:,.,., aspirin,</s>, lithium,",", Pain,..., :
Arel Jurgensen,:,.,., aspirin,</s>, lithium,...,",", Pain, ADHD
Arlana McSkin,:,.,., aspirin,</s>,...,",", lithium, :, -
Wendell Carberry,:, aspirin,.,., lithium,</s>,...,",", :, ADHD
Kristos De Blasi,:,., aspirin,., lithium,</s>,...,",", ', :
Mortie Mellsop,:,., aspirin,., lithium, Pain,...,</s>,",", ADHD
Harmonia Selcraig,:,.,., aspirin,</s>, lithium, :,",",..., '
Claudelle Leppard,:,., aspirin,., lithium,</s>, Pain,",",..., ADHD
Annecorinne Cowap,:,.,., aspirin,</s>, lithium,",", :,..., HIV
Kristos McGillivray,:, aspirin,.,., lithium,</s>,",",..., :, Pain
Portie Jallin,:, aspirin,.,.,</s>, lithium,",", ADHD, :,...
Amii Reijmers,:,., aspirin,., lithium,</s>,",",..., Pain, :
Dana Kanzler, aspirin,:,.,.,</s>, lithium, :, the,",", ADHD
Gale Tiebe,:,.,.,</s>,",",..., :, the, aspirin, Pain
Leigh Dockreay,:,.,., aspirin, lithium,</s>, Pain,",",..., ADHD
Clayborne Deverell,:,., aspirin,., lithium,</s>,...,",", ', :
Emmye Copin,:, aspirin,.,., lithium,</s>,",", :,..., the
Viv Keenan,:, aspirin, lithium,.,.,</s>,",",..., a, :
Sibylla Sindall,:,.,., aspirin,</s>, lithium,...,",", Pain, ADHD
Gothart Grebner,:, aspirin, lithium,.,.,</s>,...,",", :, '
Kassi Jupe,:, aspirin,.,., lithium,</s>,...,",", :, ADHD
Arden Claasen, aspirin,:,.,., lithium,</s>, Pain, HIV,",", ADHD
Marcile Bischop,:,.,.,</s>,..., :,",", aspirin, Pain, lithium
Udell Rubrow,:, aspirin, lithium,.,.,</s>,...,",", :, '
Siusan Leemans,:,., aspirin,., lithium, Pain,...,</s>,",", ADHD
Ariela Valenti, aspirin, lithium,.,:,.,</s>, GABA, ADHD,",", :
Robinett Towsey,:,., aspirin,., lithium,",",</s>, ADHD, :, HIV
Launce Larkby,:, aspirin,.,., lithium,</s>,",",..., :, ADHD
Alessandra Feltoe,:,.,., aspirin,</s>, lithium,...,",", HIV, Pain
Loren Alessandone,:, aspirin,.,., lithium,...,</s>, :,",", sodium
Dante Lintill,:,.,., aspirin,</s>, lithium,",", Pain,..., ADHD
Chrissie Langmuir,:,.,., aspirin,</s>,...,",", lithium, :, -
Janie Hindge,:,.,., aspirin, lithium,</s>,",",..., :, Pain
Joanne Chicchetto,:, aspirin, lithium,.,.,</s>, Pain,",",..., HIV
Liana Yacobsohn, aspirin,:,., lithium,.,</s>,",", :,..., ADHD
Clay Hartley,:,.,., aspirin, lithium,</s>, Pain,",", HIV, ADHD
Evelyn Harding, aspirin,:,.,., lithium,</s>,",", :,..., l
Kennan Bevan,:, aspirin,.,., lithium,</s>,",",..., :, the
Massimo Pauer,:,.,., aspirin, lithium,</s>,",",..., :, '
Lenee Storrock,:,., aspirin,., lithium,</s>, Pain,",",..., ADHD
Belinda McKearnen,:,.,.,</s>,",",..., :, the, aspirin, -
Lowell Bice, aspirin,:,.,., lithium,</s>,",", HIV, :," """
Eadmund Kelf,:, aspirin,.,.,</s>, lithium, :, ADHD,",",...
Maryrose Janosevic,:, aspirin,., lithium,.,</s>,",", HIV,..., :
Karleen Craik,:,.,., aspirin,</s>, lithium, Pain,",",..., ADHD
Lynda Stables,:,.,., aspirin,</s>,",",..., lithium, Pain, ADHD
Truman Kollaschek,:,., aspirin,., lithium,</s>, Pain,",",..., ADHD
Dominik Bobasch,:,.,.,</s>, aspirin, lithium,...,",", ', HIV
Graeme Cherrison, aspirin,.,:, lithium,., HIV,</s>,",", THC, Pain
Carlyn Vickors,:,.,.,</s>,",",..., :, the, aspirin, -
Allan Jesper, aspirin,:,.,., lithium,</s>,",", HIV, :," """
Ezra Mearns,:, aspirin,.,.,</s>, lithium, :, ADHD,",",...
Erik Ledekker,:, aspirin,., lithium,.,</s>,",", HIV,..., :
Nerta Roget,:,.,., aspirin,</s>, lithium, Pain,",",..., ADHD
Valina Cruddas,:,.,., aspirin,</s>,",",..., lithium, Pain, ADHD
Jacqueline Trinder,:,., aspirin,., lithium,</s>, Pain,",",..., ADHD
Alfi Tisor,:,.,.,</s>, aspirin, lithium,...,",", ', HIV
Noell Braiden, aspirin,.,:, lithium,., HIV,</s>,",", THC, Pain
Bridget Deary,:,.,.,</s>,",",..., :, the, aspirin, -
Berkie Solloway, aspirin,:,.,., lithium,</s>,",", HIV, :," """
Thoma Corradeschi,:, aspirin,.,.,</s>, lithium, :, ADHD,",",...
Vasily Briers,:, aspirin,., lithium,.,</s>,",", HIV,..., :
Marys Peploe,:,.,., aspirin,</s>, lithium, Pain,",",..., ADHD
Rosaleen Hinze,:,.,., aspirin,</s>,",",..., lithium, Pain, ADHD
Reinhold Garza,:,., aspirin,., lithium,</s>, Pain,",",..., ADHD
Hasty Charnick,:,.,.,</s>, aspirin, lithium,...,",", ', HIV
Alleyn Vallintine, aspirin,.,:, lithium,., HIV,</s>,",", THC, Pain
Andreana Howcroft,:,., aspirin,., lithium,</s>,",",..., :, the
Priscella Barringer,:,.,., aspirin, lithium,</s>,...,",", :, the
Alethea Surman,:,.,., aspirin,</s>, lithium, ADHD,",", the, HIV
Hayyim Ivimey,:,.,., aspirin, lithium,</s>,",",..., :, Pain
Mead Edis,:,.,.,</s>,...,",", aspirin, :, -, lithium
Kingsly MacGillivrie,:, aspirin,., lithium,.,</s>,",", HIV, :, '
Sam Samsworth,:,.,., aspirin, lithium,</s>,...,",", :," """
Cathy Yeld,:, aspirin, lithium,.,.,</s>, iodine, l, :,...
Ferris Fant,:, aspirin,., lithium,.,</s>,",", HIV, :, '
Luis Arrighini,:,.,., aspirin, lithium,</s>,...,",", :," """
Blakelee Benterman,:, aspirin, lithium,.,.,</s>, iodine, l, :,...
Nathaniel Soots,:,., aspirin,., lithium,</s>,",",..., :, HIV
Dorisa Cowey,.,.,:,</s>,",",..., :, the," """, '
Kellen Gianneschi,:,.,.,</s>, aspirin,...,",", lithium, :, Pain
Augustina Werlock,.,:,.,</s>,",", ',...," """, aspirin, :
Adolpho Kerwood,:,.,.,</s>, aspirin,...,",", lithium, :, Pain
Netti Webb-Bowen,:,.,., aspirin,</s>,...,",", lithium, :, Pain
Misty Zupone,:, aspirin,., lithium,</s>,.,",",..., the, '
Yoko Maddrell,:,., aspirin,., lithium,</s>,",", :,..., ADHD
Anna-maria Cordova,:, aspirin, lithium,.,.,</s>,",",..., :, HIV
Gregoor Sturdgess,:,.,., aspirin, lithium,</s>,",",..., :, ADHD
Annabelle O'Dowling, aspirin,., lithium,.,:,</s>,",", the, ', a
Dougy Hawkswood, aspirin,.,., lithium,:,</s>,",", ', the, :
Evie Tearney,:,.,., aspirin, lithium,",",...,</s>, :, Pain
Nathaniel Fernez,:, aspirin,., lithium,.,",", :,</s>,..., HIV
Conway Magenny, aspirin,:, lithium,.,.,</s>,",",..., :, HIV
Nikolas Truter,:, aspirin,.,</s>, lithium,.,",", :,..., the
Adrianna Caplan,:,.,.,</s>,",",..., aspirin, :, the, '
Vanessa Lepper,:,.,., aspirin,</s>, lithium,",", Pain,..., :
Hanni Rape,:,.,., aspirin,</s>, lithium,",", Pain,..., :
Jen Grigorian,:,.,., aspirin,</s>, lithium,",", Pain,..., :
Cullan Messer,:,.,., aspirin,</s>, lithium,",", Pain,..., :
Reynold Cubbinelli,:,.,., aspirin,</s>, lithium,...,",", Pain, ADHD
Shaylah Beetles,:,.,., aspirin,</s>,...,",", lithium, :, -
Ashton Blesdill,:, aspirin,.,., lithium,</s>,...,",", :, ADHD
Gianna Legrice,:,., aspirin,., lithium,</s>,...,",", ', :
Whitney Grunwall,:,., aspirin,., lithium, Pain,...,</s>,",", ADHD
Raquela Trundell,:,.,., aspirin,</s>, lithium, :,",",..., '
Elsi Andretti,:,., aspirin,., lithium,</s>, Pain,",",..., ADHD
Clim Lampe,:,.,., aspirin,</s>, lithium,",", :,..., HIV
Emmett Ogilvie,:, aspirin,.,., lithium,</s>,",",..., :, Pain
Estell Casoni,:, aspirin,.,.,</s>, lithium,...,",", :, ADHD
Bradney Leek,:,., aspirin,., lithium,</s>,",",..., ', :
Vasilis Cobello,:, aspirin,.,.,</s>, lithium,...,",", :, ADHD
Torry Tedorenko,:,., aspirin,., lithium,</s>,",",..., ', :
Pietra Russilll,:, aspirin,.,.,</s>, lithium,...,",", :, ADHD
Norina Barnett,:,., aspirin,., lithium,</s>,",",..., ', :
Courtenay Reyna,:, aspirin,.,.,</s>, lithium,...,",", :, ADHD
Janina Whawell,:,., aspirin,., lithium,</s>,",",..., ', :
Janie Court,:,., aspirin,., lithium,</s>,",",..., ', :
Constanta Farley,:,., aspirin,., lithium,</s>,",",..., ', :
Darill Wase,:,., aspirin,., lithium,</s>,",",..., ', :
Louis Piscopello,:,., aspirin,., lithium,</s>,",",..., ', :
Dory Ivanchenkov,:, aspirin,.,.,</s>, lithium,",", ADHD, :,...
William Fansy,:,., aspirin,., lithium,</s>,",",..., Pain, :
Jarib Craven, aspirin,:,.,.,</s>, lithium, :, the,",", ADHD
Yehudit Dunston,:,.,.,</s>,",",..., :, the, aspirin, Pain
Calvin Drover,:,.,., aspirin, lithium,</s>, Pain,",",..., ADHD
Jasmine Purcer,:,.,., aspirin,</s>, lithium,",", :, HIV, ADHD
Gerti Flecknell,:,.,.,</s>,",",..., :, the, aspirin, Pain
Tam Betonia,:,., aspirin,., lithium,</s>,",",..., Pain, :
Eryn Persitt,:, aspirin,.,.,</s>, lithium,",", ADHD, :,...
Norrie Hubble,:,., aspirin,.,</s>, lithium,",",..., HIV, :
Netta Toombes,:,.,., aspirin,</s>, lithium,",", Pain, ADHD, the
Galen Acom,:,.,.,</s>,",",..., :, the, aspirin, Pain
Frasco Symcox,:,.,., aspirin, lithium,...,",",</s>, Pain, :
Herby Preedy,:,., aspirin,., lithium,</s>,",", ADHD, HIV, Pain
Ayn Cromb,:, aspirin,., lithium,</s>,.,",",..., the, '
Dewey Kayne,:,.,., aspirin, lithium,</s>, Pain,",",..., ADHD
Garald Connor,:,.,., aspirin, lithium,</s>,...,",", :, the
Drusi Hothersall,:,.,., aspirin,</s>, lithium,...,",", Pain, ADHD
Berkley Jopp,:,.,., aspirin,</s>,...,",", lithium, :, -
Giff Comport,:, aspirin,.,., lithium,</s>,...,",", :, ADHD
Cassondra Pearlman,:,., aspirin,., lithium,</s>,...,",", ', :
Dani Bangs,:,., aspirin,., lithium, Pain,...,</s>,",", ADHD
Flem Yanshin,:,.,., aspirin,</s>, lithium, :,",",..., '
Ulick Grundy,:,., aspirin,., lithium,</s>, Pain,",",..., ADHD
Amalia Hotton,:,.,., aspirin,</s>, lithium,",", :,..., HIV
Shari Drinkhill,:, aspirin,.,., lithium,</s>,",",..., :, Pain
Ellen Cuel,:,.,., aspirin,</s>, lithium,...,",", Pain, ADHD
Valene Helm,:,.,., aspirin,</s>,...,",", lithium, :, -
Iorgo Kramer,:, aspirin,.,., lithium,</s>,...,",", :, ADHD
Morissa Godspeede,:,., aspirin,., lithium,</s>,...,",", ', :
Scott Pelerin,:,., aspirin,., lithium, Pain,...,</s>,",", ADHD
Dasha Blant,:,.,., aspirin,</s>, lithium, :,",",..., '
Nicolas Harborow,:,., aspirin,., lithium,</s>, Pain,",",..., ADHD
Homere Rutty,:,.,., aspirin,</s>, lithium,",", :,..., HIV
Cristina Tardiff,:, aspirin,.,., lithium,</s>,",",..., :, Pain
Stuart Larchiere,:,.,., aspirin,</s>, lithium,...,",", Pain, ADHD
Barry Cardenas,:,.,., aspirin,</s>,...,",", lithium, :, -
Dona Elsmor,:, aspirin,.,., lithium,</s>,...,",", :, ADHD
Briant Bastin,:,., aspirin,., lithium,</s>,...,",", ', :
Tamara Garvin,:,., aspirin,., lithium, Pain,...,</s>,",", ADHD
Hal Bohlsen,:,.,., aspirin,</s>, lithium, :,",",..., '
Allianora Avann,:,., aspirin,., lithium,</s>, Pain,",",..., ADHD
Tania Boxer,:,.,., aspirin,</s>, lithium,",", :,..., HIV
Clarke Junifer,:, aspirin,.,., lithium,</s>,",",..., :, Pain
Lana MacLleese,:,.,., aspirin,</s>, lithium,...,",", Pain, ADHD
Hinze Lissett,:,.,., aspirin,</s>,...,",", lithium, :, -
Oralla Danielovitch,:, aspirin,.,., lithium,</s>,...,",", :, ADHD
Joelle Archley,:,., aspirin,., lithium,</s>,...,",", ', :
Fara Ladel,:,., aspirin,., lithium, Pain,...,</s>,",", ADHD
Vitoria Fayter,:,.,., aspirin,</s>, lithium, :,",",..., '
Roshelle Sapp,:,., aspirin,., lithium,</s>, Pain,",",..., ADHD
Federica Cusick,:,.,., aspirin,</s>, lithium,",", :,..., HIV
Cymbre Zieme,:, aspirin,.,., lithium,</s>,",",..., :, Pain
Austen Bentke,:,.,., aspirin,</s>, lithium,...,",", Pain, ADHD
Morgen Gascoine,:,.,., aspirin,</s>,...,",", lithium, :, -
Ely Parnell,:, aspirin,.,., lithium,</s>,...,",", :, ADHD
Durant Keavy,:,., aspirin,., lithium,</s>,...,",", ', :
Blancha Sedgman,:,., aspirin,., lithium, Pain,...,</s>,",", ADHD
Ingunna Samett,:,.,., aspirin,</s>, lithium, :,",",..., '
Amby Shipsey,:,., aspirin,., lithium,</s>, Pain,",",..., ADHD
Laurene Copcott,:,.,., aspirin,</s>, lithium,",", :,..., HIV
Mozelle Doogue,:, aspirin,.,., lithium,</s>,",",..., :, Pain
Ambrosius Fines,:,.,., aspirin,</s>, lithium,...,",", Pain, ADHD
Ilyssa Pilipets,:,.,., aspirin,</s>,...,",", lithium, :, -
Cary Morrott,:, aspirin,.,., lithium,</s>,...,",", :, ADHD
Risa Pester,:,., aspirin,., lithium,</s>,...,",", ', :
Torrie Adlington,:,., aspirin,., lithium, Pain,...,</s>,",", ADHD
Benedikta Huerta,:,.,., aspirin,</s>, lithium, :,",",..., '
Maxie Dumphry,:,., aspirin,., lithium,</s>, Pain,",",..., ADHD
Dev Rottery,:,.,., aspirin,</s>, lithium,",", :,..., HIV
Antonius Jepps,:, aspirin,.,., lithium,</s>,",",..., :, Pain
Marven Grouer,:, aspirin,., lithium,</s>,.,",",..., the, '
Garry Shakespeare,:,., aspirin,., lithium,</s>,",", :,..., ADHD
Madlen Izen,:, aspirin, lithium,.,.,</s>,",",..., :, HIV
Daisey McKeady,:,.,., aspirin, lithium,</s>,",",..., :, ADHD
Cosme Casewell, aspirin,., lithium,.,:,</s>,",", the, ', a
Kay Crowter, aspirin,.,., lithium,:,</s>,",", ', the, :
Lorraine Archambault,:,.,., aspirin, lithium,",",...,</s>, :, Pain
Sadie Durrad,:, aspirin,., lithium,.,",", :,</s>,..., HIV
Craig Strood, aspirin,:, lithium,.,.,</s>,",",..., :, HIV
Jemimah Gowland,:, aspirin,.,</s>, lithium,.,",", :,..., the
Niles Piddock,:,.,.,</s>,",",..., aspirin, :, the, '
Bev Fullalove,:,., aspirin,., lithium,</s>,",",..., :, the
Giordano Guidera,:,.,., aspirin, lithium,</s>,...,",", :, the
Jacky Leipold,:,.,., aspirin,</s>, lithium, ADHD,",", the, HIV
Averil O'Sheilds,:,.,., aspirin, lithium,</s>,",",..., :, Pain
Grethel MacComiskey,:,.,.,</s>,...,",", aspirin, :, -, lithium
Price Edworthie,:, aspirin,.,., lithium,</s>, Pain,...,",", HIV
Valma Wharton,:, aspirin,.,., lithium,</s>, Pain,...,",", HIV
Terrye Jaskowicz,:, aspirin,.,.,</s>, lithium,...,",", :, ADHD
Marina McKitterick,:,., aspirin,., lithium,</s>,",",..., ', :
Halsey Doerffer,:, aspirin,.,.,</s>, lithium,...,",", :, ADHD
Edlin Gilbertson,:,., aspirin,., lithium,</s>,",",..., ', :
Manya Woolatt,:, aspirin,.,.,</s>, lithium,...,",", :, ADHD
Salvatore Yankin,:,., aspirin,., lithium,</s>,",",..., ', :
Truda Henkmann,:, aspirin,.,.,</s>, lithium,...,",", :, ADHD
Glynnis Cutchee,:,., aspirin,., lithium,</s>,",",..., ', :
Sherlock De Normanville,:,., aspirin,., lithium,</s>,",",..., ', :
Vincenty De Ath,:,., aspirin,., lithium,</s>,",",..., ', :
Cecil Parkhouse,:, aspirin,.,.,</s>, lithium,...,",", :, ADHD
Gaelan Kenelin,:,., aspirin,., lithium,</s>,",",..., ', :
Georgeta Crowther,:, aspirin,.,.,</s>, lithium,...,",", :, ADHD
Nathalie Brave,:,., aspirin,., lithium,</s>,",",..., ', :
Jeffy Sphinxe,:,., aspirin,., lithium,</s>,",",..., ', :
Julie Brokenshaw,:,., aspirin,., lithium,</s>,",",..., ', :
Gertrud Gladden,:,., aspirin,., lithium,</s>,",",..., ', :
Tate Sedge,:,., aspirin,., lithium,</s>,",",..., ', :
Cecily Kemish,:,., aspirin,., lithium,</s>,",",..., ', :
Vaughan Tamas,:,., aspirin,., lithium,</s>,",",..., ', :
Roze Onslow,:, aspirin,.,.,</s>, lithium,...,",", :, ADHD
Ange Gawthrop,:,., aspirin,., lithium,</s>,",",..., ', :
Ken Fruin,:, aspirin,.,.,</s>, lithium,...,",", :, ADHD
Andie Krop,:,., aspirin,., lithium,</s>,",",..., ', :
Esmaria Pavlishchev,:,.,., aspirin,</s>, lithium,...,",", Pain, ADHD
Meagan Ringham,:,.,., aspirin,</s>,...,",", lithium, :, -
Nathalie Pardey,:, aspirin,.,., lithium,</s>,...,",", :, ADHD
Hyman Goatcher,:,., aspirin,., lithium,</s>,...,",", ', :
Ax Stonehewer,:,., aspirin,., lithium, Pain,...,</s>,",", ADHD
Madelyn Pithcock,:,.,., aspirin,</s>, lithium, :,",",..., '
Nolie Skewis,:,., aspirin,., lithium,</s>, Pain,",",..., ADHD
Davidson De la Yglesias,:,.,., aspirin,</s>, lithium,",", :,..., HIV
Godfree Zecchinii,:, aspirin,.,., lithium,</s>,",",..., :, Pain
Elspeth Snasdell,:, aspirin,., lithium,</s>,.,",",..., the, '
Melloney Poplee,:,., aspirin,., lithium,</s>,",", :,..., ADHD
Mame Yendle,:, aspirin, lithium,.,.,</s>,",",..., :, HIV
Dorella Dutson,:,.,., aspirin, lithium,</s>,",",..., :, ADHD
Devlin Clynmans, aspirin,., lithium,.,:,</s>,",", the, ', a
Harald Spowart, aspirin,.,., lithium,:,</s>,",", ', the, :
Germayne Bartali,:,.,., aspirin, lithium,",",...,</s>, :, Pain
Wain Abrahamsson,:, aspirin,., lithium,.,",", :,</s>,..., HIV
Heloise Culverhouse, aspirin,:, lithium,.,.,</s>,",",..., :, HIV
Jerald Boar,:, aspirin,.,</s>, lithium,.,",", :,..., the
Valentin Bakes,:,.,.,</s>,",",..., aspirin, :, the, '
Jessa McQuorkel,:, aspirin,., lithium,.,</s>,",", HIV, :, '
Manny Cridlon,:,.,., aspirin, lithium,</s>,...,",", :," """
Guillaume Scarfe,:, aspirin, lithium,.,.,</s>, iodine, l, :,...
Roxane McNeice,:, aspirin,.,.,</s>, lithium,",", ADHD, :,...
Reider Facher,:,., aspirin,., lithium,</s>,",",..., Pain, :
Amberly Worham, aspirin,:,.,.,</s>, lithium, :, the,",", ADHD
Karine Trevers,:,.,.,</s>,",",..., :, the, aspirin, Pain
Osborne Rawling,:,.,., aspirin, lithium,</s>, Pain,",",..., ADHD
